EmployeeID,CandidateID,TrueName,Email
1,9001,Allison Hill,allison.hill@company.com
2,9002,Noah Rhodes,noah.rhodes@company.com
3,9003,Angie Henderson,angie.henderson@company.com
4,9004,Daniel Wagner,daniel.wagner@company.com
5,9005,Cristian Santos,cristian.santos@company.com
6,9006,Connie Lawrence,connie.lawrence@company.com
7,9007,Abigail Shaffer,abigail.shaffer@company.com
8,9008,Gina Moore,gina.moore@company.com
9,9009,Gabrielle Davis,gabrielle.davis@company.com
10,9010,Ryan Munoz,ryan.munoz@company.com
11,9011,Monica Herrera,monica.herrera@company.com
12,9012,Jamie Arnold,jamie.arnold@company.com
13,9013,Lisa Hensley,lisa.hensley@company.com
14,9014,Michele Williams,michele.williams@company.com
15,9015,Dylan Miller,dylan.miller@company.com
16,9016,Brian Ramirez,brian.ramirez@company.com
17,9017,Holly Wood,holly.wood@company.com
18,9018,Derek Zuniga,derek.zuniga@company.com
19,9019,Lisa Jackson,lisa.jackson@company.com
20,9020,Carla Gray,carla.gray@company.com
21,9021,Margaret Hawkins DDS,margaret.dds@company.com
22,9022,Patty Perez,patty.perez@company.com
23,9023,Ethan Adams,ethan.adams@company.com
24,9024,Tommy Walter,tommy.walter@company.com
25,9025,Matthew Foster,matthew.foster@company.com
26,9026,Judy Baker,judy.baker@company.com
27,9027,Justin Baker,justin.baker@company.com
28,9028,Stephanie Ross,stephanie.ross@company.com
29,9029,Zachary Hicks,zachary.hicks@company.com
30,9030,Anthony Rodriguez,anthony.rodriguez@company.com
31,9031,Rebecca Henderson,rebecca.henderson@company.com
32,9032,James Ferrell,james.ferrell@company.com
33,9033,Tricia Valencia,tricia.valencia@company.com
34,9034,Nathan Maldonado,nathan.maldonado@company.com
35,9035,Debra Davidson,debra.davidson@company.com
36,9036,Jeffrey Chavez,jeffrey.chavez@company.com
37,9037,Sherri Baker,sherri.baker@company.com
38,9038,Cassandra Gaines,cassandra.gaines@company.com
39,9039,Elizabeth Fowler,elizabeth.fowler@company.com
40,9040,Brittany Farmer,brittany.farmer@company.com
41,9041,Paula Moreno,paula.moreno@company.com
42,9042,Fred Smith,fred.smith@company.com
43,9043,Sherry Decker,sherry.decker@company.com
44,9044,Anthony Humphrey,anthony.humphrey@company.com
45,9045,Angelica Tucker,angelica.tucker@company.com
46,9046,Philip Cannon,philip.cannon@company.com
47,9047,John Pierce,john.pierce@company.com
48,9048,Shane Henderson,shane.henderson@company.com
49,9049,Joshua Blair,joshua.blair@company.com
50,9050,Eric Carney,eric.carney@company.com
51,9051,Jessica Holmes,jessica.holmes@company.com
52,9052,Danny Morgan,danny.morgan@company.com
53,9053,Crystal Robinson,crystal.robinson@company.com
54,9054,Mark Perez,mark.perez@company.com
55,9055,Shannon Jones,shannon.jones@company.com
56,9056,Michael Lewis,michael.lewis@company.com
57,9057,Timothy Duncan,timothy.duncan@company.com
58,9058,Richard Aguirre,richard.aguirre@company.com
59,9059,Brent Jordan,brent.jordan@company.com
60,9060,John Daniel,john.daniel@company.com
61,9061,Victoria Garcia,victoria.garcia@company.com
62,9062,Gerald Hensley,gerald.hensley@company.com
63,9063,Connor West,connor.west@company.com
64,9064,Donald Wright,donald.wright@company.com
65,9065,Jessica Callahan,jessica.callahan@company.com
66,9066,Amber Kidd,amber.kidd@company.com
67,9067,Tracy House,tracy.house@company.com
68,9068,Carol Tucker,carol.tucker@company.com
69,9069,James Brown,james.brown@company.com
70,9070,William Baker,william.baker@company.com
71,9071,Jordan Henderson,jordan.henderson@company.com
72,9072,Whitney Peters,whitney.peters@company.com
73,9073,Brittney Phillips,brittney.phillips@company.com
74,9074,Lauren Daniels,lauren.daniels@company.com
75,9075,Amy Silva,amy.silva@company.com
76,9076,Sarah Moore,sarah.moore@company.com
77,9077,Angela Lopez,angela.lopez@company.com
78,9078,Megan Young,megan.young@company.com
79,9079,Steve Sanchez,steve.sanchez@company.com
80,9080,Lisa Barnes,lisa.barnes@company.com
81,9081,Kelly Donovan,kelly.donovan@company.com
82,9082,Mike Allen,mike.allen@company.com
83,9083,Michael Evans,michael.evans@company.com
84,9084,Paul Jones,paul.jones@company.com
85,9085,Zachary Ferrell,zachary.ferrell@company.com
86,9086,Daniel Baker,daniel.baker@company.com
87,9087,Shirley Suarez,shirley.suarez@company.com
88,9088,Christopher Bass,christopher.bass@company.com
89,9089,Lisa Archer,lisa.archer@company.com
90,9090,Aimee Montoya,aimee.montoya@company.com
91,9091,Matthew Mcmillan,matthew.mcmillan@company.com
92,9092,Brian Rodriguez,brian.rodriguez@company.com
93,9093,Denise Jacobs,denise.jacobs@company.com
94,9094,Christina Walters,christina.walters@company.com
95,9095,John Whitehead,john.whitehead@company.com
96,9096,Anna Henderson,anna.henderson@company.com
97,9097,Aaron Wise,aaron.wise@company.com
98,9098,Deborah Figueroa,deborah.figueroa@company.com
99,9099,Jessica Smith,jessica.smith@company.com
100,9100,Stephen Mckee,stephen.mckee@company.com
101,9101,Sandra Aguilar,sandra.aguilar@company.com
102,9102,Cameron Parker,cameron.parker@company.com
103,9103,Rebecca Valencia,rebecca.valencia@company.com
104,9104,Christine Wright,christine.wright@company.com
105,9105,Richard Henson,richard.henson@company.com
106,9106,Marc Moore,marc.moore@company.com
107,9107,Sharon Cherry,sharon.cherry@company.com
108,9108,Sierra Johnson,sierra.johnson@company.com
109,9109,Evelyn Galvan,evelyn.galvan@company.com
110,9110,Sharon Cochran,sharon.cochran@company.com
111,9111,Richard Rodriguez,richard.rodriguez@company.com
112,9112,Shannon Walker,shannon.walker@company.com
113,9113,Julia Torres,julia.torres@company.com
114,9114,Crystal Johnson,crystal.johnson@company.com
115,9115,Garrett Lin,garrett.lin@company.com
116,9116,Diana May,diana.may@company.com
117,9117,William Herrera,william.herrera@company.com
118,9118,Ashley Waller,ashley.waller@company.com
119,9119,Victor Baker,victor.baker@company.com
120,9120,Jeffrey Chandler,jeffrey.chandler@company.com
121,9121,Larry Dixon,larry.dixon@company.com
122,9122,Kenneth Scott,kenneth.scott@company.com
123,9123,April Frost,april.frost@company.com
124,9124,Michelle Harmon,michelle.harmon@company.com
125,9125,Helen Jones,helen.jones@company.com
126,9126,Erin Edwards,erin.edwards@company.com
127,9127,Michelle Evans,michelle.evans@company.com
128,9128,Jason Powell,jason.powell@company.com
129,9129,Cameron Fisher,cameron.fisher@company.com
130,9130,Megan Orr,megan.orr@company.com
131,9131,Elizabeth Kelley,elizabeth.kelley@company.com
132,9132,Dustin Jordan,dustin.jordan@company.com
133,9133,Mary Marshall,mary.marshall@company.com
134,9134,Daniel Kennedy,daniel.kennedy@company.com
135,9135,Rebecca Jackson,rebecca.jackson@company.com
136,9136,Jose Schultz,jose.schultz@company.com
137,9137,Robert Potter,robert.potter@company.com
138,9138,Courtney Gonzalez,courtney.gonzalez@company.com
139,9139,David Alvarez,david.alvarez@company.com
140,9140,Angel Perry,angel.perry@company.com
141,9141,Cheyenne Horton,cheyenne.horton@company.com
142,9142,David Douglas Jr.,david.jr@company.com
143,9143,Patricia Rodriguez,patricia.rodriguez@company.com
144,9144,Christopher Rubio,christopher.rubio@company.com
145,9145,Amber Wright,amber.wright@company.com
146,9146,Joyce Solis,joyce.solis@company.com
147,9147,Victoria Larson,victoria.larson@company.com
148,9148,Stephanie Salazar,stephanie.salazar@company.com
149,9149,Kathy Rivas,kathy.rivas@company.com
150,9150,Stephanie Manning,stephanie.manning@company.com
151,9151,David Wright,david.wright@company.com
152,9152,Pamela Boyd,pamela.boyd@company.com
153,9153,Denise Jones,denise.jones@company.com
154,9154,Devon Flores,devon.flores@company.com
155,9155,Brenda Hall,brenda.hall@company.com
156,9156,Michelle Brown,michelle.brown@company.com
157,9157,Joshua Perry,joshua.perry@company.com
158,9158,Jason Stein,jason.stein@company.com
159,9159,Melissa Gates,melissa.gates@company.com
160,9160,Jamie Smith,jamie.smith@company.com
161,9161,Paul Castaneda,paul.castaneda@company.com
162,9162,Jennifer Adkins,jennifer.adkins@company.com
163,9163,Lindsey Walker,lindsey.walker@company.com
164,9164,Jeffrey Johnson,jeffrey.johnson@company.com
165,9165,Michael Powell,michael.powell@company.com
166,9166,John Anderson,john.anderson@company.com
167,9167,Alyssa Long,alyssa.long@company.com
168,9168,Alyssa Day,alyssa.day@company.com
169,9169,Joel Williams,joel.williams@company.com
170,9170,Daniel Murphy,daniel.murphy@company.com
171,9171,Jamie Walton,jamie.walton@company.com
172,9172,Darlene Miller,darlene.miller@company.com
173,9173,Joshua Cooke,joshua.cooke@company.com
174,9174,Matthew Harrington,matthew.harrington@company.com
175,9175,Nicole Herring,nicole.herring@company.com
176,9176,Alex Hernandez,alex.hernandez@company.com
177,9177,Michael Elliott,michael.elliott@company.com
178,9178,Michael Wang,michael.wang@company.com
179,9179,Lawrence Adkins,lawrence.adkins@company.com
180,9180,Robert Oconnell,robert.oconnell@company.com
181,9181,Alexander Collins,alexander.collins@company.com
182,9182,Tina Sanders,tina.sanders@company.com
183,9183,Angela Vaughn,angela.vaughn@company.com
184,9184,Ashley Barton,ashley.barton@company.com
185,9185,Lindsay Martinez,lindsay.martinez@company.com
186,9186,Dr. Hannah Patterson,dr.patterson@company.com
187,9187,Jonathan Peterson,jonathan.peterson@company.com
188,9188,Samantha Garcia,samantha.garcia@company.com
189,9189,Madison Poole,madison.poole@company.com
190,9190,Jessica Gross,jessica.gross@company.com
191,9191,Debra Morton,debra.morton@company.com
192,9192,Karen Graham,karen.graham@company.com
193,9193,Debra Christian,debra.christian@company.com
194,9194,Angelica Keith,angelica.keith@company.com
195,9195,John Bishop,john.bishop@company.com
196,9196,Allen Rosales,allen.rosales@company.com
197,9197,Daniel Salinas,daniel.salinas@company.com
198,9198,Spencer Haynes,spencer.haynes@company.com
199,9199,Adam Vaughan,adam.vaughan@company.com
200,9200,Nathan Freeman,nathan.freeman@company.com
201,9201,Melissa Brewer,melissa.brewer@company.com
202,9202,Ricky Davis II,ricky.ii@company.com
203,9203,Elizabeth Perkins,elizabeth.perkins@company.com
204,9204,Joseph Coleman,joseph.coleman@company.com
205,9205,Erin Warner,erin.warner@company.com
206,9206,David Martinez,david.martinez@company.com
207,9207,Bryan Herrera,bryan.herrera@company.com
208,9208,Cathy Robinson,cathy.robinson@company.com
209,9209,Dr. William Warren,dr.warren@company.com
210,9210,Brian Lee,brian.lee@company.com
211,9211,Christopher Smith,christopher.smith@company.com
212,9212,Denise Mccann,denise.mccann@company.com
213,9213,Melissa Martinez,melissa.martinez@company.com
214,9214,Katherine Salas,katherine.salas@company.com
215,9215,Julie Alexander,julie.alexander@company.com
216,9216,Anthony Everett,anthony.everett@company.com
217,9217,Rodney Morales,rodney.morales@company.com
218,9218,Mark Brown,mark.brown@company.com
219,9219,Justin Torres,justin.torres@company.com
220,9220,Bailey Duran DDS,bailey.dds@company.com
221,9221,Courtney Mills,courtney.mills@company.com
222,9222,Jeremy Dalton,jeremy.dalton@company.com
223,9223,Elizabeth Oliver DDS,elizabeth.dds@company.com
224,9224,Theresa Clark,theresa.clark@company.com
225,9225,Matthew Moore,matthew.moore@company.com
226,9226,Benjamin Smith,benjamin.smith@company.com
227,9227,Kirk Carter,kirk.carter@company.com
228,9228,Michael Warner,michael.warner@company.com
229,9229,Michael Bradshaw,michael.bradshaw@company.com
230,9230,Lori Guerrero,lori.guerrero@company.com
231,9231,Jessica Stephens,jessica.stephens@company.com
232,9232,Susan Serrano,susan.serrano@company.com
233,9233,Christopher Parker,christopher.parker@company.com
234,9234,Laura Roberts,laura.roberts@company.com
235,9235,Michael Lyons,michael.lyons@company.com
236,9236,Kathryn Snyder,kathryn.snyder@company.com
237,9237,Andrew Reynolds,andrew.reynolds@company.com
238,9238,David Davis,david.davis@company.com
239,9239,Sara Johnston,sara.johnston@company.com
240,9240,Yvonne Chambers,yvonne.chambers@company.com
241,9241,Andrew Avila,andrew.avila@company.com
242,9242,Matthew Moon,matthew.moon@company.com
243,9243,Kevin Walters,kevin.walters@company.com
244,9244,Brandon Bailey MD,brandon.md@company.com
245,9245,Shannon Rivera,shannon.rivera@company.com
246,9246,Donna Landry,donna.landry@company.com
247,9247,Krista Gibson,krista.gibson@company.com
248,9248,Frank Cordova,frank.cordova@company.com
249,9249,Jose Travis,jose.travis@company.com
250,9250,Kimberly Gutierrez,kimberly.gutierrez@company.com
251,9251,Isaiah Avila,isaiah.avila@company.com
252,9252,Olivia Harris,olivia.harris@company.com
253,9253,Tanya Kim,tanya.kim@company.com
254,9254,Barbara Dudley,barbara.dudley@company.com
255,9255,Cynthia Moore,cynthia.moore@company.com
256,9256,Kristen Davis,kristen.davis@company.com
257,9257,Susan Murray MD,susan.md@company.com
258,9258,Kathleen Moran,kathleen.moran@company.com
259,9259,Denise Davenport,denise.davenport@company.com
260,9260,Mrs. Kristen Reyes,mrs.reyes@company.com
261,9261,Katie Suarez,katie.suarez@company.com
262,9262,Desiree Tyler,desiree.tyler@company.com
263,9263,Timothy Romero,timothy.romero@company.com
264,9264,Diane Evans,diane.evans@company.com
265,9265,Yvonne Burns,yvonne.burns@company.com
266,9266,Joshua Reed,joshua.reed@company.com
267,9267,Kimberly Gibson,kimberly.gibson@company.com
268,9268,Colin Terry,colin.terry@company.com
269,9269,Cynthia Rowe,cynthia.rowe@company.com
270,9270,Patrick Thornton,patrick.thornton@company.com
271,9271,Jasmin Alvarado,jasmin.alvarado@company.com
272,9272,Veronica Simpson,veronica.simpson@company.com
273,9273,Jonathan Lawrence,jonathan.lawrence@company.com
274,9274,Shelly Alexander,shelly.alexander@company.com
275,9275,Joyce Bowen,joyce.bowen@company.com
276,9276,Matthew Moore,matthew.moore@company.com
277,9277,Wayne Morgan,wayne.morgan@company.com
278,9278,Marie Christian,marie.christian@company.com
279,9279,Shannon James,shannon.james@company.com
280,9280,Nathan Malone,nathan.malone@company.com
281,9281,Amanda Jones,amanda.jones@company.com
282,9282,Tammie Bright,tammie.bright@company.com
283,9283,Jessica Garcia,jessica.garcia@company.com
284,9284,Shelia Wallace,shelia.wallace@company.com
285,9285,Stephanie Williams,stephanie.williams@company.com
286,9286,Elaine Brooks,elaine.brooks@company.com
287,9287,Joseph Knight,joseph.knight@company.com
288,9288,Carolyn Miller,carolyn.miller@company.com
289,9289,Lisa Allen,lisa.allen@company.com
290,9290,Briana Murray,briana.murray@company.com
291,9291,David Smith,david.smith@company.com
292,9292,Stephanie Byrd,stephanie.byrd@company.com
293,9293,Jeremy Reed,jeremy.reed@company.com
294,9294,Margaret Coleman,margaret.coleman@company.com
295,9295,Ryan Gonzalez,ryan.gonzalez@company.com
296,9296,John Young,john.young@company.com
297,9297,Laura Haney,laura.haney@company.com
298,9298,William Barrett,william.barrett@company.com
299,9299,Keith Jennings,keith.jennings@company.com
300,9300,Amber Obrien,amber.obrien@company.com
301,9301,Tanner Mitchell DDS,tanner.dds@company.com
302,9302,Heather Fields,heather.fields@company.com
303,9303,Megan Le,megan.le@company.com
304,9304,Sara Fuller,sara.fuller@company.com
305,9305,Maria Parker,maria.parker@company.com
306,9306,Kevin Oconnor,kevin.oconnor@company.com
307,9307,Edward Burgess,edward.burgess@company.com
308,9308,Carlos Ryan,carlos.ryan@company.com
309,9309,Kiara Mcintyre,kiara.mcintyre@company.com
310,9310,Dawn Summers,dawn.summers@company.com
311,9311,Dr. Paul Morgan,dr.morgan@company.com
312,9312,Victor Taylor,victor.taylor@company.com
313,9313,Shannon Ramsey,shannon.ramsey@company.com
314,9314,Tracy Ballard,tracy.ballard@company.com
315,9315,Richard Smith,richard.smith@company.com
316,9316,Jordan Chambers,jordan.chambers@company.com
317,9317,Lauren Carson,lauren.carson@company.com
318,9318,Ashley Hall,ashley.hall@company.com
319,9319,Stephen Hoffman,stephen.hoffman@company.com
320,9320,Connie Brown,connie.brown@company.com
321,9321,Susan Turner,susan.turner@company.com
322,9322,Charles Shah,charles.shah@company.com
323,9323,Johnathan Davis,johnathan.davis@company.com
324,9324,Brandy Chavez,brandy.chavez@company.com
325,9325,Natalie Bautista,natalie.bautista@company.com
326,9326,Patrick Moore,patrick.moore@company.com
327,9327,Brett Burns,brett.burns@company.com
328,9328,Trevor Johnson,trevor.johnson@company.com
329,9329,Jeremy Sampson,jeremy.sampson@company.com
330,9330,Ariana Jennings,ariana.jennings@company.com
331,9331,Vanessa Howard,vanessa.howard@company.com
332,9332,Colton Martinez,colton.martinez@company.com
333,9333,Jordan Bates,jordan.bates@company.com
334,9334,Linda Smith,linda.smith@company.com
335,9335,Dana Martinez,dana.martinez@company.com
336,9336,Andrea Hubbard,andrea.hubbard@company.com
337,9337,Daniel Kane,daniel.kane@company.com
338,9338,Charles Lester,charles.lester@company.com
339,9339,Scott Thomas,scott.thomas@company.com
340,9340,David Thompson,david.thompson@company.com
341,9341,Allison Smith,allison.smith@company.com
342,9342,Cynthia Morris,cynthia.morris@company.com
343,9343,Anthony Harmon,anthony.harmon@company.com
344,9344,Nichole Alvarez,nichole.alvarez@company.com
345,9345,Kayla Rodriguez,kayla.rodriguez@company.com
346,9346,Theresa Williams,theresa.williams@company.com
347,9347,Sharon Boyd,sharon.boyd@company.com
348,9348,Victor Brown,victor.brown@company.com
349,9349,James Parks,james.parks@company.com
350,9350,Theodore Jones Jr.,theodore.jr@company.com
351,9351,Ana Hill,ana.hill@company.com
352,9352,Kimberly Nguyen,kimberly.nguyen@company.com
353,9353,Kerry Chavez DDS,kerry.dds@company.com
354,9354,Michael Farrell,michael.farrell@company.com
355,9355,Patricia Le,patricia.le@company.com
356,9356,Jesse Perez,jesse.perez@company.com
357,9357,Jesse Perry,jesse.perry@company.com
358,9358,Jeffery Ortega,jeffery.ortega@company.com
359,9359,Christian Leblanc,christian.leblanc@company.com
360,9360,Ronald Davis,ronald.davis@company.com
361,9361,Parker Cain,parker.cain@company.com
362,9362,Laurie Hoffman,laurie.hoffman@company.com
363,9363,Bryan Gomez,bryan.gomez@company.com
364,9364,Nicole Parrish,nicole.parrish@company.com
365,9365,Tracy Burke,tracy.burke@company.com
366,9366,Kenneth Lewis,kenneth.lewis@company.com
367,9367,Courtney Rodriguez,courtney.rodriguez@company.com
368,9368,Holly Farmer,holly.farmer@company.com
369,9369,Renee Bruce,renee.bruce@company.com
370,9370,Sabrina Austin,sabrina.austin@company.com
371,9371,Allison Hickman,allison.hickman@company.com
372,9372,Debra White,debra.white@company.com
373,9373,Ellen Morgan,ellen.morgan@company.com
374,9374,Sergio Knight,sergio.knight@company.com
375,9375,Charles Schultz,charles.schultz@company.com
376,9376,Paul Lewis,paul.lewis@company.com
377,9377,Glen Wood,glen.wood@company.com
378,9378,Paula Bradley,paula.bradley@company.com
379,9379,Anthony Moore,anthony.moore@company.com
380,9380,Megan Nelson,megan.nelson@company.com
381,9381,Karla Ramos,karla.ramos@company.com
382,9382,Paul Wilson,paul.wilson@company.com
383,9383,Douglas Gregory,douglas.gregory@company.com
384,9384,Mr. Andrew Foster,mr.foster@company.com
385,9385,Aimee Turner,aimee.turner@company.com
386,9386,Chad Scott,chad.scott@company.com
387,9387,Adam Burgess,adam.burgess@company.com
388,9388,James Padilla,james.padilla@company.com
389,9389,Sandra Drake,sandra.drake@company.com
390,9390,Scott Williams,scott.williams@company.com
391,9391,Thomas Atkins,thomas.atkins@company.com
392,9392,Laura Mckinney,laura.mckinney@company.com
393,9393,Brian Smith,brian.smith@company.com
394,9394,Robert Montgomery,robert.montgomery@company.com
395,9395,Tamara Davis,tamara.davis@company.com
396,9396,Dana Chapman,dana.chapman@company.com
397,9397,Jennifer Collins,jennifer.collins@company.com
398,9398,Gary Jackson,gary.jackson@company.com
399,9399,Ashley Hicks,ashley.hicks@company.com
400,9400,Hannah Luna,hannah.luna@company.com
401,9401,Robin Young,robin.young@company.com
402,9402,Craig Morrison,craig.morrison@company.com
403,9403,Mary Thompson,mary.thompson@company.com
404,9404,Kathleen Webster,kathleen.webster@company.com
405,9405,Joann Glass,joann.glass@company.com
406,9406,Madison Weber,madison.weber@company.com
407,9407,Lori Hernandez,lori.hernandez@company.com
408,9408,Jeremy Turner,jeremy.turner@company.com
409,9409,Anthony Romero,anthony.romero@company.com
410,9410,Jesse Brown,jesse.brown@company.com
411,9411,Angela Lin,angela.lin@company.com
412,9412,Lisa Hunter,lisa.hunter@company.com
413,9413,Julian Conner,julian.conner@company.com
414,9414,Joanna Pacheco,joanna.pacheco@company.com
415,9415,Erica Alvarez,erica.alvarez@company.com
416,9416,Antonio Garcia,antonio.garcia@company.com
417,9417,Gwendolyn Klein,gwendolyn.klein@company.com
418,9418,Carrie Wright,carrie.wright@company.com
419,9419,Jeffrey Mills,jeffrey.mills@company.com
420,9420,Jake Campbell,jake.campbell@company.com
421,9421,George Harper,george.harper@company.com
422,9422,Maria Jones,maria.jones@company.com
423,9423,Michael Mitchell,michael.mitchell@company.com
424,9424,Mary Escobar,mary.escobar@company.com
425,9425,Felicia Aguilar,felicia.aguilar@company.com
426,9426,Gregory Ponce,gregory.ponce@company.com
427,9427,Jenna Larson,jenna.larson@company.com
428,9428,Emily Bennett,emily.bennett@company.com
429,9429,Robin Santiago,robin.santiago@company.com
430,9430,Nancy Jennings,nancy.jennings@company.com
431,9431,Maria Henderson,maria.henderson@company.com
432,9432,Jack White,jack.white@company.com
433,9433,Travis Tucker,travis.tucker@company.com
434,9434,Chad Jones,chad.jones@company.com
435,9435,Ashley Wise,ashley.wise@company.com
436,9436,Sophia Johnson,sophia.johnson@company.com
437,9437,Ralph Anderson,ralph.anderson@company.com
438,9438,Christopher Guerra,christopher.guerra@company.com
439,9439,Rhonda Martin,rhonda.martin@company.com
440,9440,Jason Rhodes,jason.rhodes@company.com
441,9441,Jeremy Mitchell,jeremy.mitchell@company.com
442,9442,Joann Ferguson,joann.ferguson@company.com
443,9443,Robert Harrison,robert.harrison@company.com
444,9444,Holly Valentine,holly.valentine@company.com
445,9445,Mrs. Diane Reyes,mrs.reyes@company.com
446,9446,Tracy Montoya,tracy.montoya@company.com
447,9447,Brenda Wright,brenda.wright@company.com
448,9448,Shelly Spencer,shelly.spencer@company.com
449,9449,Ryan Rosales,ryan.rosales@company.com
450,9450,Phillip Nelson,phillip.nelson@company.com
451,9451,Brittany Kim,brittany.kim@company.com
452,9452,Courtney Hayes,courtney.hayes@company.com
453,9453,Alexander Brown,alexander.brown@company.com
454,9454,Cynthia Vang,cynthia.vang@company.com
455,9455,Alfred Galvan,alfred.galvan@company.com
456,9456,Marie Moody,marie.moody@company.com
457,9457,Dustin Gallegos,dustin.gallegos@company.com
458,9458,Brenda Thornton,brenda.thornton@company.com
459,9459,Aaron Miller,aaron.miller@company.com
460,9460,Ruben Dunn,ruben.dunn@company.com
461,9461,Kelsey Rodriguez,kelsey.rodriguez@company.com
462,9462,Eric Williams,eric.williams@company.com
463,9463,Riley Bryant,riley.bryant@company.com
464,9464,Taylor Carlson,taylor.carlson@company.com
465,9465,Jose Allen,jose.allen@company.com
466,9466,Jeffrey Mendez,jeffrey.mendez@company.com
467,9467,Jason Beck,jason.beck@company.com
468,9468,William Jones,william.jones@company.com
469,9469,Katie Mcneil,katie.mcneil@company.com
470,9470,Jeanette Harrison,jeanette.harrison@company.com
471,9471,Veronica King,veronica.king@company.com
472,9472,Richard Cooper,richard.cooper@company.com
473,9473,Lori Ingram,lori.ingram@company.com
474,9474,Evelyn Williams,evelyn.williams@company.com
475,9475,Robin Thompson,robin.thompson@company.com
476,9476,Julie Dominguez,julie.dominguez@company.com
477,9477,Robin Brown,robin.brown@company.com
478,9478,Judith Carter,judith.carter@company.com
479,9479,Curtis Williams,curtis.williams@company.com
480,9480,Kaylee Hays,kaylee.hays@company.com
481,9481,Dawn Mullins,dawn.mullins@company.com
482,9482,Howard Norman,howard.norman@company.com
483,9483,Evelyn Martinez,evelyn.martinez@company.com
484,9484,Steve Paul,steve.paul@company.com
485,9485,Jasmine Beltran,jasmine.beltran@company.com
486,9486,Jonathan Glass MD,jonathan.md@company.com
487,9487,Monica Miller,monica.miller@company.com
488,9488,Samantha Gardner,samantha.gardner@company.com
489,9489,Bobby Guerrero,bobby.guerrero@company.com
490,9490,Lance Simmons,lance.simmons@company.com
491,9491,Heather Williams,heather.williams@company.com
492,9492,Heather Bolton,heather.bolton@company.com
493,9493,William Gould,william.gould@company.com
494,9494,Mark Cox,mark.cox@company.com
495,9495,Meghan Cisneros,meghan.cisneros@company.com
496,9496,Lawrence Harrington,lawrence.harrington@company.com
497,9497,Austin Osborne,austin.osborne@company.com
498,9498,James Bradley,james.bradley@company.com
499,9499,Meghan Rush,meghan.rush@company.com
500,9500,Phillip Berry,phillip.berry@company.com
501,9501,Jennifer Banks,jennifer.banks@company.com
502,9502,Brian Fitzgerald,brian.fitzgerald@company.com
503,9503,Mr. Justin Green III,mr.iii@company.com
504,9504,Zachary Mitchell,zachary.mitchell@company.com
505,9505,Katherine Martinez,katherine.martinez@company.com
506,9506,Jodi Roach,jodi.roach@company.com
507,9507,Brandon Fleming,brandon.fleming@company.com
508,9508,Emma Reed,emma.reed@company.com
509,9509,Joshua Vance,joshua.vance@company.com
510,9510,Michelle Ho,michelle.ho@company.com
511,9511,Rebecca Hicks,rebecca.hicks@company.com
512,9512,Curtis Taylor,curtis.taylor@company.com
513,9513,Allison Spencer,allison.spencer@company.com
514,9514,Robert Arnold,robert.arnold@company.com
515,9515,Angelica Parker,angelica.parker@company.com
516,9516,Dr. Kelly Hammond DVM,dr.dvm@company.com
517,9517,William Day,william.day@company.com
518,9518,Michael Cooper,michael.cooper@company.com
519,9519,Penny Bowman,penny.bowman@company.com
520,9520,Vincent Reynolds,vincent.reynolds@company.com
521,9521,Amy Martinez,amy.martinez@company.com
522,9522,Christopher Morris,christopher.morris@company.com
523,9523,Hannah Everett,hannah.everett@company.com
524,9524,Sarah King,sarah.king@company.com
525,9525,Krista Martinez,krista.martinez@company.com
526,9526,Joseph Shaw,joseph.shaw@company.com
527,9527,Todd Moore,todd.moore@company.com
528,9528,Michelle Jacobs,michelle.jacobs@company.com
529,9529,Kristy Bryan,kristy.bryan@company.com
530,9530,Angel May,angel.may@company.com
531,9531,Marilyn Wang,marilyn.wang@company.com
532,9532,Mark Jimenez,mark.jimenez@company.com
533,9533,Donna Frye,donna.frye@company.com
534,9534,Dr. Michael Evans,dr.evans@company.com
535,9535,Anthony Gonzales,anthony.gonzales@company.com
536,9536,Mr. Lawrence Edwards,mr.edwards@company.com
537,9537,Morgan Valencia,morgan.valencia@company.com
538,9538,Bianca Wood,bianca.wood@company.com
539,9539,Emma Owens,emma.owens@company.com
540,9540,David Davis,david.davis@company.com
541,9541,James Gilbert,james.gilbert@company.com
542,9542,Sean Moore,sean.moore@company.com
543,9543,Kenneth Edwards,kenneth.edwards@company.com
544,9544,Kathleen Robertson,kathleen.robertson@company.com
545,9545,Mr. Alexander Landry MD,mr.md@company.com
546,9546,Cindy Gomez,cindy.gomez@company.com
547,9547,Johnny Khan,johnny.khan@company.com
548,9548,Julie Herrera,julie.herrera@company.com
549,9549,Jessica Khan,jessica.khan@company.com
550,9550,Pamela Diaz,pamela.diaz@company.com
551,9551,Kelly Lee,kelly.lee@company.com
552,9552,Angel Gordon,angel.gordon@company.com
553,9553,Diana Hays,diana.hays@company.com
554,9554,Barbara Hester,barbara.hester@company.com
555,9555,Robert Morgan,robert.morgan@company.com
556,9556,Nicole Gonzalez,nicole.gonzalez@company.com
557,9557,Kathryn Williams,kathryn.williams@company.com
558,9558,Gary Wells,gary.wells@company.com
559,9559,Larry Robertson,larry.robertson@company.com
560,9560,Louis Martin,louis.martin@company.com
561,9561,Nancy Evans MD,nancy.md@company.com
562,9562,Kim Erickson,kim.erickson@company.com
563,9563,Robert Richardson,robert.richardson@company.com
564,9564,Veronica Silva,veronica.silva@company.com
565,9565,Molly Watts,molly.watts@company.com
566,9566,John Coffey,john.coffey@company.com
567,9567,Paula Lane,paula.lane@company.com
568,9568,Lauren Jackson,lauren.jackson@company.com
569,9569,Lisa Randall,lisa.randall@company.com
570,9570,Michael Johnson,michael.johnson@company.com
571,9571,Ashley Smith,ashley.smith@company.com
572,9572,Christian Vaughn,christian.vaughn@company.com
573,9573,Reginald Knapp,reginald.knapp@company.com
574,9574,Nancy Brown,nancy.brown@company.com
575,9575,Daniel Nguyen,daniel.nguyen@company.com
576,9576,Kelly Edwards,kelly.edwards@company.com
577,9577,Thomas Peterson,thomas.peterson@company.com
578,9578,Raymond Le,raymond.le@company.com
579,9579,Melissa Bishop,melissa.bishop@company.com
580,9580,David Grant,david.grant@company.com
581,9581,William Evans,william.evans@company.com
582,9582,Daniel Bush,daniel.bush@company.com
583,9583,Gregory Peck,gregory.peck@company.com
584,9584,Denise Martinez,denise.martinez@company.com
585,9585,Jamie Baird,jamie.baird@company.com
586,9586,Tina Ballard,tina.ballard@company.com
587,9587,Dwayne Klein,dwayne.klein@company.com
588,9588,Jeremy Scott,jeremy.scott@company.com
589,9589,Dale Ryan,dale.ryan@company.com
590,9590,Melissa Taylor,melissa.taylor@company.com
591,9591,Laurie Sanchez,laurie.sanchez@company.com
592,9592,Kiara Little,kiara.little@company.com
593,9593,Jason Love,jason.love@company.com
594,9594,Randy Smith,randy.smith@company.com
595,9595,Tanya Russell,tanya.russell@company.com
596,9596,Sherry Woods,sherry.woods@company.com
597,9597,Victor Morris,victor.morris@company.com
598,9598,Susan Davis,susan.davis@company.com
599,9599,Kimberly Sharp,kimberly.sharp@company.com
600,9600,Susan Thompson,susan.thompson@company.com
601,9601,Casey Gillespie,casey.gillespie@company.com
602,9602,Jennifer Simpson DVM,jennifer.dvm@company.com
603,9603,Tammy Mcdowell,tammy.mcdowell@company.com
604,9604,Keith Rodriguez,keith.rodriguez@company.com
605,9605,Mrs. Virginia Daniels,mrs.daniels@company.com
606,9606,Todd Rosales MD,todd.md@company.com
607,9607,Brian Martin,brian.martin@company.com
608,9608,David Lopez,david.lopez@company.com
609,9609,Rachel Bradley,rachel.bradley@company.com
610,9610,Casey Chase,casey.chase@company.com
611,9611,Samantha Robertson,samantha.robertson@company.com
612,9612,Michael Lopez,michael.lopez@company.com
613,9613,Franklin Wright,franklin.wright@company.com
614,9614,David Molina,david.molina@company.com
615,9615,Elizabeth Sharp,elizabeth.sharp@company.com
616,9616,Matthew Schwartz,matthew.schwartz@company.com
617,9617,Bryan Parker,bryan.parker@company.com
618,9618,Jonathan Jacobson,jonathan.jacobson@company.com
619,9619,Emily Wilson,emily.wilson@company.com
620,9620,Elizabeth Mendez,elizabeth.mendez@company.com
621,9621,Casey Hernandez,casey.hernandez@company.com
622,9622,Lisa Perry,lisa.perry@company.com
623,9623,Kaitlin Medina,kaitlin.medina@company.com
624,9624,Colleen Wright,colleen.wright@company.com
625,9625,Shelley Miller,shelley.miller@company.com
626,9626,Michael Miller,michael.miller@company.com
627,9627,Amy Kelley,amy.kelley@company.com
628,9628,Laura Hernandez,laura.hernandez@company.com
629,9629,Joseph Wilson,joseph.wilson@company.com
630,9630,Kevin Davis,kevin.davis@company.com
631,9631,Rhonda Chavez,rhonda.chavez@company.com
632,9632,Joyce Brown,joyce.brown@company.com
633,9633,Robert Cummings,robert.cummings@company.com
634,9634,Robert Reese,robert.reese@company.com
635,9635,Amber Cooper,amber.cooper@company.com
636,9636,Zachary Michael,zachary.michael@company.com
637,9637,Timothy Johnson,timothy.johnson@company.com
638,9638,Randy Cannon,randy.cannon@company.com
639,9639,Maria Fisher,maria.fisher@company.com
640,9640,Janet Kane DVM,janet.dvm@company.com
641,9641,Michael Stanley,michael.stanley@company.com
642,9642,Martha Bailey,martha.bailey@company.com
643,9643,Joshua Rice,joshua.rice@company.com
644,9644,Courtney Smith,courtney.smith@company.com
645,9645,Edwin Nunez,edwin.nunez@company.com
646,9646,Kim Morrow,kim.morrow@company.com
647,9647,Gregory Hill,gregory.hill@company.com
648,9648,Molly Rodriguez,molly.rodriguez@company.com
649,9649,Jennifer Miranda,jennifer.miranda@company.com
650,9650,Alexis Harris,alexis.harris@company.com
651,9651,Andrew Harper,andrew.harper@company.com
652,9652,Amber Yang,amber.yang@company.com
653,9653,David Robinson,david.robinson@company.com
654,9654,Amy Gordon,amy.gordon@company.com
655,9655,Robert Dennis,robert.dennis@company.com
656,9656,Kyle Chambers,kyle.chambers@company.com
657,9657,Eric Thomas,eric.thomas@company.com
658,9658,Connie Turner,connie.turner@company.com
659,9659,Travis Hobbs,travis.hobbs@company.com
660,9660,Lori Simmons,lori.simmons@company.com
661,9661,William David DDS,william.dds@company.com
662,9662,Emma Butler,emma.butler@company.com
663,9663,James Webster,james.webster@company.com
664,9664,Samuel Turner,samuel.turner@company.com
665,9665,Renee Melendez,renee.melendez@company.com
666,9666,Tracy Grant,tracy.grant@company.com
667,9667,David Harris,david.harris@company.com
668,9668,Tammy Boone,tammy.boone@company.com
669,9669,Nathaniel Lee,nathaniel.lee@company.com
670,9670,Michael Morrison,michael.morrison@company.com
671,9671,Chelsea Gill,chelsea.gill@company.com
672,9672,Kristin Mendoza,kristin.mendoza@company.com
673,9673,Felicia Krueger,felicia.krueger@company.com
674,9674,Timothy Hayden,timothy.hayden@company.com
675,9675,Zachary Mendoza,zachary.mendoza@company.com
676,9676,Larry Harris,larry.harris@company.com
677,9677,Kristen Rowe,kristen.rowe@company.com
678,9678,Joseph Howard,joseph.howard@company.com
679,9679,Jose Crawford,jose.crawford@company.com
680,9680,William Harrison,william.harrison@company.com
681,9681,Suzanne Wood,suzanne.wood@company.com
682,9682,Justin Walker,justin.walker@company.com
683,9683,Dean Donovan,dean.donovan@company.com
684,9684,Jennifer Hernandez,jennifer.hernandez@company.com
685,9685,James Whitaker,james.whitaker@company.com
686,9686,Mr. Michael Scott PhD,mr.phd@company.com
687,9687,Maria Henry,maria.henry@company.com
688,9688,Robert Jackson,robert.jackson@company.com
689,9689,Katherine Stark,katherine.stark@company.com
690,9690,Maria Brown,maria.brown@company.com
691,9691,Ryan Landry,ryan.landry@company.com
692,9692,Pamela Gutierrez,pamela.gutierrez@company.com
693,9693,Crystal Mann,crystal.mann@company.com
694,9694,Jonathan Brooks,jonathan.brooks@company.com
695,9695,Mary Jensen,mary.jensen@company.com
696,9696,Mr. Aaron Arnold,mr.arnold@company.com
697,9697,Joseph Hill,joseph.hill@company.com
698,9698,Alicia Li,alicia.li@company.com
699,9699,Renee Browning,renee.browning@company.com
700,9700,Brent Hernandez,brent.hernandez@company.com
701,9701,Joseph Ochoa,joseph.ochoa@company.com
702,9702,James Watson,james.watson@company.com
703,9703,Karl Branch,karl.branch@company.com
704,9704,Michael Abbott,michael.abbott@company.com
705,9705,Shannon Malone,shannon.malone@company.com
706,9706,James Tran,james.tran@company.com
707,9707,Adam Jackson,adam.jackson@company.com
708,9708,Mr. Richard Knight PhD,mr.phd@company.com
709,9709,Joseph Williams,joseph.williams@company.com
710,9710,Sean Clay,sean.clay@company.com
711,9711,Anthony Jones,anthony.jones@company.com
712,9712,Stephanie Elliott,stephanie.elliott@company.com
713,9713,Timothy Edwards,timothy.edwards@company.com
714,9714,Laurie Goodwin,laurie.goodwin@company.com
715,9715,Jennifer Jones,jennifer.jones@company.com
716,9716,David Davenport,david.davenport@company.com
717,9717,Steven Rivera,steven.rivera@company.com
718,9718,Brenda Hinton,brenda.hinton@company.com
719,9719,Kathryn Mccann,kathryn.mccann@company.com
720,9720,Jeffrey Roberson,jeffrey.roberson@company.com
721,9721,Randy Friedman,randy.friedman@company.com
722,9722,Raymond Johnson,raymond.johnson@company.com
723,9723,Willie Henry,willie.henry@company.com
724,9724,Todd Reynolds,todd.reynolds@company.com
725,9725,Mary Miller,mary.miller@company.com
726,9726,Rebecca Marquez,rebecca.marquez@company.com
727,9727,Christian Dawson,christian.dawson@company.com
728,9728,Nancy Stewart,nancy.stewart@company.com
729,9729,Aaron Parker,aaron.parker@company.com
730,9730,Derrick Anderson,derrick.anderson@company.com
731,9731,Jerry Peters,jerry.peters@company.com
732,9732,Alexander Gomez,alexander.gomez@company.com
733,9733,Kyle Nguyen,kyle.nguyen@company.com
734,9734,Edgar Hughes,edgar.hughes@company.com
735,9735,Steven Stein,steven.stein@company.com
736,9736,Laura Jackson,laura.jackson@company.com
737,9737,Charles Turner,charles.turner@company.com
738,9738,Arthur Hamilton MD,arthur.md@company.com
739,9739,Mr. David Wright,mr.wright@company.com
740,9740,Linda Gonzalez,linda.gonzalez@company.com
741,9741,Eric Rush,eric.rush@company.com
742,9742,Manuel Brock,manuel.brock@company.com
743,9743,George Ochoa,george.ochoa@company.com
744,9744,Valerie Taylor,valerie.taylor@company.com
745,9745,Travis Harris,travis.harris@company.com
746,9746,Vincent Novak,vincent.novak@company.com
747,9747,Michael Henry,michael.henry@company.com
748,9748,Dana Bennett,dana.bennett@company.com
749,9749,Jenna Wilson,jenna.wilson@company.com
750,9750,Leslie Gardner,leslie.gardner@company.com
751,9751,Krista Benton,krista.benton@company.com
752,9752,Michael Gonzales,michael.gonzales@company.com
753,9753,Michael Fuentes,michael.fuentes@company.com
754,9754,Jennifer Porter,jennifer.porter@company.com
755,9755,Dana Hopkins,dana.hopkins@company.com
756,9756,Rachel Jones,rachel.jones@company.com
757,9757,Karen Morales DDS,karen.dds@company.com
758,9758,Melissa Stephens,melissa.stephens@company.com
759,9759,Heather Woodard,heather.woodard@company.com
760,9760,Margaret Miller,margaret.miller@company.com
761,9761,Mary Kelly,mary.kelly@company.com
762,9762,Amanda Terrell,amanda.terrell@company.com
763,9763,Jennifer Goodwin,jennifer.goodwin@company.com
764,9764,Jessica Smith,jessica.smith@company.com
765,9765,Jorge Stone,jorge.stone@company.com
766,9766,Laura Griffin,laura.griffin@company.com
767,9767,Raymond Chapman,raymond.chapman@company.com
768,9768,Haley Johnson,haley.johnson@company.com
769,9769,Jason Nixon,jason.nixon@company.com
770,9770,Todd Thomas,todd.thomas@company.com
771,9771,Jesse Clark,jesse.clark@company.com
772,9772,Mr. Jeffrey Horton,mr.horton@company.com
773,9773,Eric Patrick,eric.patrick@company.com
774,9774,Samuel Wong,samuel.wong@company.com
775,9775,Carly Riggs,carly.riggs@company.com
776,9776,Christopher Moore,christopher.moore@company.com
777,9777,Tina Hall,tina.hall@company.com
778,9778,Cody Davidson,cody.davidson@company.com
779,9779,Allen Mendez,allen.mendez@company.com
780,9780,Kevin Price,kevin.price@company.com
781,9781,Christine Goodwin,christine.goodwin@company.com
782,9782,Amy Garcia,amy.garcia@company.com
783,9783,Chelsea Nguyen,chelsea.nguyen@company.com
784,9784,Dennis Huffman,dennis.huffman@company.com
785,9785,Margaret Harper,margaret.harper@company.com
786,9786,Laurie Bailey,laurie.bailey@company.com
787,9787,Lisa Cervantes,lisa.cervantes@company.com
788,9788,Elizabeth Mendez,elizabeth.mendez@company.com
789,9789,Cesar Wilson,cesar.wilson@company.com
790,9790,Clayton Steele,clayton.steele@company.com
791,9791,Jennifer Taylor,jennifer.taylor@company.com
792,9792,Cody Reid,cody.reid@company.com
793,9793,Maria Cooke,maria.cooke@company.com
794,9794,Katherine Taylor,katherine.taylor@company.com
795,9795,Jerry Brown,jerry.brown@company.com
796,9796,Adam Taylor,adam.taylor@company.com
797,9797,Tracey Wagner,tracey.wagner@company.com
798,9798,Michael Perry PhD,michael.phd@company.com
799,9799,Bradley Johnson DDS,bradley.dds@company.com
800,9800,Donald Medina,donald.medina@company.com
801,9801,Jim Newton,jim.newton@company.com
802,9802,Krista Wilson,krista.wilson@company.com
803,9803,Reginald Morrow,reginald.morrow@company.com
804,9804,Rodney Williams,rodney.williams@company.com
805,9805,Kimberly Fritz,kimberly.fritz@company.com
806,9806,Ronald Potter,ronald.potter@company.com
807,9807,Zachary Cole,zachary.cole@company.com
808,9808,Robert Gonzales,robert.gonzales@company.com
809,9809,Patricia Young PhD,patricia.phd@company.com
810,9810,Heather Page,heather.page@company.com
811,9811,Carol Taylor,carol.taylor@company.com
812,9812,Daniel Brown,daniel.brown@company.com
813,9813,Douglas Ryan,douglas.ryan@company.com
814,9814,Michael Roberts,michael.roberts@company.com
815,9815,Scott Duke,scott.duke@company.com
816,9816,Anna Estes,anna.estes@company.com
817,9817,Tamara Riddle,tamara.riddle@company.com
818,9818,Beth Cline,beth.cline@company.com
819,9819,Michael Poole,michael.poole@company.com
820,9820,Megan Burns,megan.burns@company.com
821,9821,Debra Perry,debra.perry@company.com
822,9822,Mark Beard,mark.beard@company.com
823,9823,Jose Ramirez,jose.ramirez@company.com
824,9824,Jackie Clements,jackie.clements@company.com
825,9825,Aaron Schroeder,aaron.schroeder@company.com
826,9826,Monica Ellis,monica.ellis@company.com
827,9827,Heather Brown,heather.brown@company.com
828,9828,Claudia Jordan,claudia.jordan@company.com
829,9829,Derrick Clayton,derrick.clayton@company.com
830,9830,Kenneth Knight,kenneth.knight@company.com
831,9831,Mr. Michael Williams,mr.williams@company.com
832,9832,Richard Stevens,richard.stevens@company.com
833,9833,Scott Alexander,scott.alexander@company.com
834,9834,Tyler Harris,tyler.harris@company.com
835,9835,Bonnie Santos,bonnie.santos@company.com
836,9836,Timothy Hill,timothy.hill@company.com
837,9837,Danielle Watson,danielle.watson@company.com
838,9838,Carol Sanders,carol.sanders@company.com
839,9839,Michael Young,michael.young@company.com
840,9840,Michele Smith,michele.smith@company.com
841,9841,Casey Perez,casey.perez@company.com
842,9842,Alexandra Dominguez,alexandra.dominguez@company.com
843,9843,Virginia Henderson,virginia.henderson@company.com
844,9844,Benjamin Reyes,benjamin.reyes@company.com
845,9845,Ashley Edwards,ashley.edwards@company.com
846,9846,Breanna Ayala,breanna.ayala@company.com
847,9847,Brandi Haney,brandi.haney@company.com
848,9848,Joseph Smith,joseph.smith@company.com
849,9849,Jessica Bowen,jessica.bowen@company.com
850,9850,Brittany Jenkins,brittany.jenkins@company.com
851,9851,Shannon Miller,shannon.miller@company.com
852,9852,Paul Lawrence,paul.lawrence@company.com
853,9853,Victor Edwards,victor.edwards@company.com
854,9854,Donald Miller,donald.miller@company.com
855,9855,Lindsay Lawson,lindsay.lawson@company.com
856,9856,Melissa Abbott,melissa.abbott@company.com
857,9857,Elizabeth Holmes,elizabeth.holmes@company.com
858,9858,Nicole Phillips,nicole.phillips@company.com
859,9859,Steven Blevins,steven.blevins@company.com
860,9860,Brian Porter MD,brian.md@company.com
861,9861,Vanessa Hatfield,vanessa.hatfield@company.com
862,9862,Bonnie Valencia,bonnie.valencia@company.com
863,9863,Holly Vega,holly.vega@company.com
864,9864,Tiffany Townsend,tiffany.townsend@company.com
865,9865,Austin Baker,austin.baker@company.com
866,9866,Antonio Mccormick,antonio.mccormick@company.com
867,9867,Lori Mason,lori.mason@company.com
868,9868,Michael Miller,michael.miller@company.com
869,9869,Lisa Ramirez,lisa.ramirez@company.com
870,9870,Jorge Harris,jorge.harris@company.com
871,9871,Kimberly Myers,kimberly.myers@company.com
872,9872,Sandra Becker,sandra.becker@company.com
873,9873,Michael Blair,michael.blair@company.com
874,9874,Amy Miller,amy.miller@company.com
875,9875,Jesse Lynch,jesse.lynch@company.com
876,9876,Patrick Yang,patrick.yang@company.com
877,9877,Michael Miles,michael.miles@company.com
878,9878,Troy Mills,troy.mills@company.com
879,9879,Michelle Jackson,michelle.jackson@company.com
880,9880,Richard Adams,richard.adams@company.com
881,9881,Patricia Johnson,patricia.johnson@company.com
882,9882,Denise Brown,denise.brown@company.com
883,9883,Laura Jones,laura.jones@company.com
884,9884,Ian Porter,ian.porter@company.com
885,9885,Holly Scott,holly.scott@company.com
886,9886,Kenneth Sharp,kenneth.sharp@company.com
887,9887,Jordan Williams,jordan.williams@company.com
888,9888,Dana Ruiz,dana.ruiz@company.com
889,9889,Chris Velazquez,chris.velazquez@company.com
890,9890,Kristen Sloan,kristen.sloan@company.com
891,9891,Jennifer Morris,jennifer.morris@company.com
892,9892,Nathan Nelson,nathan.nelson@company.com
893,9893,Jake Shaw,jake.shaw@company.com
894,9894,Cassie Brock,cassie.brock@company.com
895,9895,Dr. Andrea Marshall,dr.marshall@company.com
896,9896,Ryan Murphy,ryan.murphy@company.com
897,9897,Aimee Gonzalez,aimee.gonzalez@company.com
898,9898,Elizabeth Dean,elizabeth.dean@company.com
899,9899,Kevin Snyder,kevin.snyder@company.com
900,9900,Christie Mccullough,christie.mccullough@company.com
901,9901,Danielle Smith,danielle.smith@company.com
902,9902,David Reed,david.reed@company.com
903,9903,Sherry Tapia,sherry.tapia@company.com
904,9904,Matthew Sweeney,matthew.sweeney@company.com
905,9905,Ashley Moreno,ashley.moreno@company.com
906,9906,Johnathan Brown,johnathan.brown@company.com
907,9907,Michelle Davis DVM,michelle.dvm@company.com
908,9908,Kelly Haynes,kelly.haynes@company.com
909,9909,William Miller,william.miller@company.com
910,9910,Casey Wilkins,casey.wilkins@company.com
911,9911,Keith Graham,keith.graham@company.com
912,9912,Cynthia Green,cynthia.green@company.com
913,9913,Robert Haynes,robert.haynes@company.com
914,9914,Emily Nelson,emily.nelson@company.com
915,9915,Dale Chan,dale.chan@company.com
916,9916,Brittney Martin,brittney.martin@company.com
917,9917,Jason Herrera,jason.herrera@company.com
918,9918,Christine Parker,christine.parker@company.com
919,9919,Bryan Moore,bryan.moore@company.com
920,9920,Samantha Terry,samantha.terry@company.com
921,9921,Russell Murphy,russell.murphy@company.com
922,9922,David Kelly,david.kelly@company.com
923,9923,Megan Green,megan.green@company.com
924,9924,Amanda Sullivan MD,amanda.md@company.com
925,9925,Danielle Murray,danielle.murray@company.com
926,9926,Brenda Smith,brenda.smith@company.com
927,9927,Vickie Anderson,vickie.anderson@company.com
928,9928,Jacqueline Mccoy,jacqueline.mccoy@company.com
929,9929,Lauren Green,lauren.green@company.com
930,9930,Alison Brown,alison.brown@company.com
931,9931,Jill Anderson,jill.anderson@company.com
932,9932,Sandra Rivera,sandra.rivera@company.com
933,9933,Joel Jackson,joel.jackson@company.com
934,9934,Samantha Foster,samantha.foster@company.com
935,9935,Michael Thompson,michael.thompson@company.com
936,9936,Cody Ramirez,cody.ramirez@company.com
937,9937,Amanda Harvey,amanda.harvey@company.com
938,9938,Edward Jenkins,edward.jenkins@company.com
939,9939,Amy Ramirez,amy.ramirez@company.com
940,9940,Curtis Wilkerson,curtis.wilkerson@company.com
941,9941,Lydia Pham,lydia.pham@company.com
942,9942,Virginia Casey,virginia.casey@company.com
943,9943,Joshua Washington,joshua.washington@company.com
944,9944,Kathryn Price,kathryn.price@company.com
945,9945,Francis Robinson,francis.robinson@company.com
946,9946,Paula Brown,paula.brown@company.com
947,9947,Kendra Wang DVM,kendra.dvm@company.com
948,9948,Ariel Sandoval,ariel.sandoval@company.com
949,9949,Robert Stark,robert.stark@company.com
950,9950,Zachary Robinson,zachary.robinson@company.com
951,9951,Rebecca Kelly,rebecca.kelly@company.com
952,9952,Sarah Thompson,sarah.thompson@company.com
953,9953,Renee Wolfe,renee.wolfe@company.com
954,9954,Alyssa Haynes,alyssa.haynes@company.com
955,9955,Kristy Hart,kristy.hart@company.com
956,9956,William Keith,william.keith@company.com
957,9957,Eric Henry Jr.,eric.jr@company.com
958,9958,Daniel Fox,daniel.fox@company.com
959,9959,Thomas Harris,thomas.harris@company.com
960,9960,Mitchell Sellers,mitchell.sellers@company.com
961,9961,Erica Johnson,erica.johnson@company.com
962,9962,Sylvia Schroeder,sylvia.schroeder@company.com
963,9963,Shannon Yu,shannon.yu@company.com
964,9964,Tom Foster,tom.foster@company.com
965,9965,Eric Taylor,eric.taylor@company.com
966,9966,Travis Conner,travis.conner@company.com
967,9967,Marie Thompson,marie.thompson@company.com
968,9968,Melissa Mcfarland,melissa.mcfarland@company.com
969,9969,Courtney Chapman,courtney.chapman@company.com
970,9970,Eric Barker,eric.barker@company.com
971,9971,Nicholas Rush,nicholas.rush@company.com
972,9972,Jenna Gamble,jenna.gamble@company.com
973,9973,Amanda Guzman,amanda.guzman@company.com
974,9974,Tracy Walker,tracy.walker@company.com
975,9975,Taylor Taylor,taylor.taylor@company.com
976,9976,Cynthia Haas,cynthia.haas@company.com
977,9977,Stephen Davis,stephen.davis@company.com
978,9978,Margaret Tanner,margaret.tanner@company.com
979,9979,Derek Wright,derek.wright@company.com
980,9980,David Rodriguez,david.rodriguez@company.com
981,9981,James Oconnor,james.oconnor@company.com
982,9982,Stacey Snyder,stacey.snyder@company.com
983,9983,Joshua Garcia,joshua.garcia@company.com
984,9984,Sean Curtis,sean.curtis@company.com
985,9985,Carla Jones,carla.jones@company.com
986,9986,Elizabeth Flores,elizabeth.flores@company.com
987,9987,Angela Jackson,angela.jackson@company.com
988,9988,Nicholas Payne,nicholas.payne@company.com
989,9989,Anna Wheeler,anna.wheeler@company.com
990,9990,Karen Johnson,karen.johnson@company.com
991,9991,Carmen Preston,carmen.preston@company.com
992,9992,Brian Harris,brian.harris@company.com
993,9993,Michael Bowen,michael.bowen@company.com
994,9994,Deborah Campbell,deborah.campbell@company.com
995,9995,Anthony Armstrong,anthony.armstrong@company.com
996,9996,Brittany Ward,brittany.ward@company.com
997,9997,Edward Stanley,edward.stanley@company.com
998,9998,Christina Johnson,christina.johnson@company.com
999,9999,Edgar Miller,edgar.miller@company.com
1000,10000,Elizabeth Sanders,elizabeth.sanders@company.com
1001,10001,Matthew Davis MD,matthew.md@company.com
1002,10002,Stephen Wood,stephen.wood@company.com
1003,10003,Dennis Marshall,dennis.marshall@company.com
1004,10004,Derrick Brown,derrick.brown@company.com
1005,10005,Mary Miller,mary.miller@company.com
1006,10006,Joshua Arellano,joshua.arellano@company.com
1007,10007,Kristen Randall,kristen.randall@company.com
1008,10008,Jennifer Nichols,jennifer.nichols@company.com
1009,10009,Karen Keith,karen.keith@company.com
1010,10010,Blake Orr,blake.orr@company.com
1011,10011,Kathryn Lester,kathryn.lester@company.com
1012,10012,Megan Oliver,megan.oliver@company.com
1013,10013,Peter Thompson,peter.thompson@company.com
1014,10014,Dr. Rhonda Martinez,dr.martinez@company.com
1015,10015,William Graham,william.graham@company.com
1016,10016,Lori Flowers MD,lori.md@company.com
1017,10017,Suzanne Jones,suzanne.jones@company.com
1018,10018,James Nguyen,james.nguyen@company.com
1019,10019,Jimmy Marks,jimmy.marks@company.com
1020,10020,Lisa Mills,lisa.mills@company.com
1021,10021,Jason Hernandez,jason.hernandez@company.com
1022,10022,Olivia Ayers,olivia.ayers@company.com
1023,10023,Kristine Garcia,kristine.garcia@company.com
1024,10024,Joseph Cooper,joseph.cooper@company.com
1025,10025,James Washington,james.washington@company.com
1026,10026,Amanda Hill,amanda.hill@company.com
1027,10027,Lee Steele,lee.steele@company.com
1028,10028,Steve Rivera,steve.rivera@company.com
1029,10029,Patrick Mccall,patrick.mccall@company.com
1030,10030,Alicia Roth,alicia.roth@company.com
1031,10031,Douglas Vasquez,douglas.vasquez@company.com
1032,10032,Annette Melton,annette.melton@company.com
1033,10033,William Ramos,william.ramos@company.com
1034,10034,Debra Butler,debra.butler@company.com
1035,10035,Chelsea Lewis,chelsea.lewis@company.com
1036,10036,Natalie Malone,natalie.malone@company.com
1037,10037,Samantha Robertson,samantha.robertson@company.com
1038,10038,Eric Hunter,eric.hunter@company.com
1039,10039,Samuel Suarez,samuel.suarez@company.com
1040,10040,Corey Whitaker,corey.whitaker@company.com
1041,10041,Danielle Bryant,danielle.bryant@company.com
1042,10042,Michele Hill,michele.hill@company.com
1043,10043,Kathy Reid,kathy.reid@company.com
1044,10044,Andre Watson,andre.watson@company.com
1045,10045,Cassandra Harrell,cassandra.harrell@company.com
1046,10046,Hannah Martin,hannah.martin@company.com
1047,10047,Nicole Barker,nicole.barker@company.com
1048,10048,James Martin,james.martin@company.com
1049,10049,Traci Vincent,traci.vincent@company.com
1050,10050,Megan Adams,megan.adams@company.com
1051,10051,Alejandro Deleon,alejandro.deleon@company.com
1052,10052,Alexa Buck,alexa.buck@company.com
1053,10053,Lindsay Smith,lindsay.smith@company.com
1054,10054,Robert Torres,robert.torres@company.com
1055,10055,Maria Coleman,maria.coleman@company.com
1056,10056,Gregory King,gregory.king@company.com
1057,10057,Michael Holloway,michael.holloway@company.com
1058,10058,Brian Hunt,brian.hunt@company.com
1059,10059,Sarah Brooks,sarah.brooks@company.com
1060,10060,Lisa Evans,lisa.evans@company.com
1061,10061,Arthur Mcneil,arthur.mcneil@company.com
1062,10062,Shannon Green,shannon.green@company.com
1063,10063,Stephanie Evans,stephanie.evans@company.com
1064,10064,Ralph Yoder,ralph.yoder@company.com
1065,10065,Rebekah Greene,rebekah.greene@company.com
1066,10066,Melanie Griffith,melanie.griffith@company.com
1067,10067,Yolanda Green,yolanda.green@company.com
1068,10068,James Johnson,james.johnson@company.com
1069,10069,Laura Lee,laura.lee@company.com
1070,10070,Courtney Nichols,courtney.nichols@company.com
1071,10071,Susan Powers,susan.powers@company.com
1072,10072,Sarah Pittman,sarah.pittman@company.com
1073,10073,Catherine Davis,catherine.davis@company.com
1074,10074,David Stokes,david.stokes@company.com
1075,10075,Catherine Frazier,catherine.frazier@company.com
1076,10076,Brandon Kelly,brandon.kelly@company.com
1077,10077,Elizabeth French,elizabeth.french@company.com
1078,10078,David Carter,david.carter@company.com
1079,10079,Julie Delacruz,julie.delacruz@company.com
1080,10080,Terry Jones,terry.jones@company.com
1081,10081,Kathryn Dillon,kathryn.dillon@company.com
1082,10082,Edwin Brown,edwin.brown@company.com
1083,10083,Brenda Gonzalez,brenda.gonzalez@company.com
1084,10084,Keith Knox,keith.knox@company.com
1085,10085,Eugene Baldwin,eugene.baldwin@company.com
1086,10086,Katherine Welch,katherine.welch@company.com
1087,10087,Mark Smith,mark.smith@company.com
1088,10088,Philip Jackson,philip.jackson@company.com
1089,10089,Katherine Gallagher,katherine.gallagher@company.com
1090,10090,Lucas Schultz,lucas.schultz@company.com
1091,10091,Vincent Reyes,vincent.reyes@company.com
1092,10092,Curtis Watson,curtis.watson@company.com
1093,10093,Frank Whitaker,frank.whitaker@company.com
1094,10094,Michael Sims,michael.sims@company.com
1095,10095,Michael Cooper,michael.cooper@company.com
1096,10096,James Chapman,james.chapman@company.com
1097,10097,Rodney Evans,rodney.evans@company.com
1098,10098,Nicholas Carlson,nicholas.carlson@company.com
1099,10099,Stephen Cowan,stephen.cowan@company.com
1100,10100,Steven Howard,steven.howard@company.com
1101,10101,Travis Hull,travis.hull@company.com
1102,10102,Darryl Acosta,darryl.acosta@company.com
1103,10103,Nicholas Lawrence,nicholas.lawrence@company.com
1104,10104,Jacob Santos,jacob.santos@company.com
1105,10105,Shawn Scott,shawn.scott@company.com
1106,10106,Amber Vang,amber.vang@company.com
1107,10107,Martha Smith,martha.smith@company.com
1108,10108,Jennifer James,jennifer.james@company.com
1109,10109,Kara Hernandez,kara.hernandez@company.com
1110,10110,Lorraine Turner,lorraine.turner@company.com
1111,10111,Mary Nelson,mary.nelson@company.com
1112,10112,Breanna Rivas,breanna.rivas@company.com
1113,10113,Nathan Wilson,nathan.wilson@company.com
1114,10114,Brian Gonzalez,brian.gonzalez@company.com
1115,10115,Dennis Mills,dennis.mills@company.com
1116,10116,Michael Phillips,michael.phillips@company.com
1117,10117,Jon Clark,jon.clark@company.com
1118,10118,Erin Smith,erin.smith@company.com
1119,10119,Susan Conley,susan.conley@company.com
1120,10120,Brittany Davis,brittany.davis@company.com
1121,10121,Misty Garcia,misty.garcia@company.com
1122,10122,David Hinton,david.hinton@company.com
1123,10123,John Garcia,john.garcia@company.com
1124,10124,Andrew Roberts,andrew.roberts@company.com
1125,10125,Emily Rodgers,emily.rodgers@company.com
1126,10126,Peter Williams,peter.williams@company.com
1127,10127,Mary Jackson,mary.jackson@company.com
1128,10128,Jeffrey Howell,jeffrey.howell@company.com
1129,10129,Anna Briggs,anna.briggs@company.com
1130,10130,James Rivers,james.rivers@company.com
1131,10131,James Jefferson,james.jefferson@company.com
1132,10132,Mariah Robles,mariah.robles@company.com
1133,10133,Michael Brown,michael.brown@company.com
1134,10134,Caitlin Perry,caitlin.perry@company.com
1135,10135,Rebekah Gregory,rebekah.gregory@company.com
1136,10136,James Howard,james.howard@company.com
1137,10137,Michael Roberson,michael.roberson@company.com
1138,10138,Bianca Knapp,bianca.knapp@company.com
1139,10139,Jason Williams,jason.williams@company.com
1140,10140,Ernest Bush,ernest.bush@company.com
1141,10141,Patricia Ray,patricia.ray@company.com
1142,10142,Vanessa Santiago,vanessa.santiago@company.com
1143,10143,Joseph Haynes,joseph.haynes@company.com
1144,10144,Matthew Wright,matthew.wright@company.com
1145,10145,Michael Cruz,michael.cruz@company.com
1146,10146,Kristin Huerta,kristin.huerta@company.com
1147,10147,Mason Moore,mason.moore@company.com
1148,10148,Sarah Booth,sarah.booth@company.com
1149,10149,John Allen,john.allen@company.com
1150,10150,Amber Walker,amber.walker@company.com
1151,10151,Jennifer Young,jennifer.young@company.com
1152,10152,Robert West,robert.west@company.com
1153,10153,Jillian Wilson,jillian.wilson@company.com
1154,10154,Matthew Garcia MD,matthew.md@company.com
1155,10155,April Davis,april.davis@company.com
1156,10156,Lisa Torres,lisa.torres@company.com
1157,10157,Christine Powers,christine.powers@company.com
1158,10158,Heidi Brown,heidi.brown@company.com
1159,10159,Jesse Castro,jesse.castro@company.com
1160,10160,Kara Sandoval,kara.sandoval@company.com
1161,10161,Ashley Malone,ashley.malone@company.com
1162,10162,Glenn Gallegos,glenn.gallegos@company.com
1163,10163,Dorothy Boyd,dorothy.boyd@company.com
1164,10164,Amber Martin,amber.martin@company.com
1165,10165,Mitchell Griffith,mitchell.griffith@company.com
1166,10166,Levi Lopez,levi.lopez@company.com
1167,10167,Jenna Bryant,jenna.bryant@company.com
1168,10168,Michelle Rodriguez,michelle.rodriguez@company.com
1169,10169,Timothy Monroe,timothy.monroe@company.com
1170,10170,Patricia Hayes,patricia.hayes@company.com
1171,10171,Tina Taylor,tina.taylor@company.com
1172,10172,Mr. Anthony Mcconnell PhD,mr.phd@company.com
1173,10173,Mr. Thomas Thompson,mr.thompson@company.com
1174,10174,Monica Anderson,monica.anderson@company.com
1175,10175,Kyle Andrade,kyle.andrade@company.com
1176,10176,Janice Petty,janice.petty@company.com
1177,10177,Pamela Hill,pamela.hill@company.com
1178,10178,Tracy Chavez,tracy.chavez@company.com
1179,10179,Jason Graves,jason.graves@company.com
1180,10180,Elizabeth Miles,elizabeth.miles@company.com
1181,10181,Michelle Walls,michelle.walls@company.com
1182,10182,Christina Weber,christina.weber@company.com
1183,10183,Gregory Chambers,gregory.chambers@company.com
1184,10184,Miss Tina Gordon,miss.gordon@company.com
1185,10185,Erica Wilson,erica.wilson@company.com
1186,10186,John Duncan,john.duncan@company.com
1187,10187,Jennifer Adkins,jennifer.adkins@company.com
1188,10188,Donna Boone,donna.boone@company.com
1189,10189,Kelly Johnson,kelly.johnson@company.com
1190,10190,Michael Gonzalez,michael.gonzalez@company.com
1191,10191,Candace Mitchell,candace.mitchell@company.com
1192,10192,Ryan Vaughn,ryan.vaughn@company.com
1193,10193,Paul Johnson,paul.johnson@company.com
1194,10194,Ashley Parrish,ashley.parrish@company.com
1195,10195,Sharon Newton,sharon.newton@company.com
1196,10196,Cynthia Mueller,cynthia.mueller@company.com
1197,10197,Donna Beck,donna.beck@company.com
1198,10198,Jasmine Frye,jasmine.frye@company.com
1199,10199,Emily Arnold,emily.arnold@company.com
1200,10200,David Oliver,david.oliver@company.com
1201,10201,Sheila Greer,sheila.greer@company.com
1202,10202,Michele Holland,michele.holland@company.com
1203,10203,Kimberly Morrison,kimberly.morrison@company.com
1204,10204,Tracey Phillips,tracey.phillips@company.com
1205,10205,Michael Lopez,michael.lopez@company.com
1206,10206,Jose Bennett,jose.bennett@company.com
1207,10207,Justin Anderson,justin.anderson@company.com
1208,10208,Dawn Rivera,dawn.rivera@company.com
1209,10209,Brittney Hernandez,brittney.hernandez@company.com
1210,10210,Anthony Randolph,anthony.randolph@company.com
1211,10211,Mary Henry,mary.henry@company.com
1212,10212,Heather Bowers,heather.bowers@company.com
1213,10213,Daniel White,daniel.white@company.com
1214,10214,Jonathan Perry,jonathan.perry@company.com
1215,10215,Anna Walker,anna.walker@company.com
1216,10216,Gary Ward,gary.ward@company.com
1217,10217,Paul Moreno,paul.moreno@company.com
1218,10218,Samantha Zavala MD,samantha.md@company.com
1219,10219,Jill Conway,jill.conway@company.com
1220,10220,Lisa Haley,lisa.haley@company.com
1221,10221,Erica Moon,erica.moon@company.com
1222,10222,Janice Fernandez,janice.fernandez@company.com
1223,10223,Thomas Short,thomas.short@company.com
1224,10224,Robert Griffin,robert.griffin@company.com
1225,10225,Steven Lee,steven.lee@company.com
1226,10226,Tiffany Jackson,tiffany.jackson@company.com
1227,10227,Kimberly Smith,kimberly.smith@company.com
1228,10228,Michael Ayala,michael.ayala@company.com
1229,10229,Jessica Garcia,jessica.garcia@company.com
1230,10230,Michele Cherry,michele.cherry@company.com
1231,10231,Maria Case,maria.case@company.com
1232,10232,Brittany Stevens,brittany.stevens@company.com
1233,10233,Brandon Brown,brandon.brown@company.com
1234,10234,Kristin Andrews,kristin.andrews@company.com
1235,10235,David Hughes,david.hughes@company.com
1236,10236,Jessica Smith,jessica.smith@company.com
1237,10237,Kimberly May,kimberly.may@company.com
1238,10238,Nicole Richards,nicole.richards@company.com
1239,10239,Angel Reilly,angel.reilly@company.com
1240,10240,Richard Turner,richard.turner@company.com
1241,10241,Preston Kim,preston.kim@company.com
1242,10242,Matthew Wells,matthew.wells@company.com
1243,10243,Brandy Myers,brandy.myers@company.com
1244,10244,Kimberly Choi,kimberly.choi@company.com
1245,10245,Michael Sloan,michael.sloan@company.com
1246,10246,Monica Brooks,monica.brooks@company.com
1247,10247,Kristen Peters,kristen.peters@company.com
1248,10248,Aaron Carlson,aaron.carlson@company.com
1249,10249,Theresa Torres,theresa.torres@company.com
1250,10250,Stephanie Cooper,stephanie.cooper@company.com
1251,10251,Matthew Hunt,matthew.hunt@company.com
1252,10252,Daniel Davenport,daniel.davenport@company.com
1253,10253,Christopher Marsh,christopher.marsh@company.com
1254,10254,Sarah Randolph,sarah.randolph@company.com
1255,10255,Julia Dunn MD,julia.md@company.com
1256,10256,Brett Swanson,brett.swanson@company.com
1257,10257,Mr. Carl Rios,mr.rios@company.com
1258,10258,Manuel Mccullough,manuel.mccullough@company.com
1259,10259,Jerry Jensen,jerry.jensen@company.com
1260,10260,Kevin Cunningham,kevin.cunningham@company.com
1261,10261,Eugene Patterson,eugene.patterson@company.com
1262,10262,David Walker,david.walker@company.com
1263,10263,Jessica Larsen,jessica.larsen@company.com
1264,10264,Nicholas Humphrey,nicholas.humphrey@company.com
1265,10265,Ian Torres,ian.torres@company.com
1266,10266,Casey Obrien,casey.obrien@company.com
1267,10267,Shannon Taylor,shannon.taylor@company.com
1268,10268,Deborah Mercado,deborah.mercado@company.com
1269,10269,Bernard Smith,bernard.smith@company.com
1270,10270,Amanda Perkins,amanda.perkins@company.com
1271,10271,Kevin Escobar,kevin.escobar@company.com
1272,10272,Kimberly Lutz,kimberly.lutz@company.com
1273,10273,Reginald Diaz,reginald.diaz@company.com
1274,10274,Raymond Quinn,raymond.quinn@company.com
1275,10275,John Dixon,john.dixon@company.com
1276,10276,Jonathan Bates,jonathan.bates@company.com
1277,10277,Renee Mendez,renee.mendez@company.com
1278,10278,Jose Griffin,jose.griffin@company.com
1279,10279,Travis Hopkins,travis.hopkins@company.com
1280,10280,Nancy Webb,nancy.webb@company.com
1281,10281,Daniel Freeman,daniel.freeman@company.com
1282,10282,Jacob Williams,jacob.williams@company.com
1283,10283,Terry Ward,terry.ward@company.com
1284,10284,Jesse Williams,jesse.williams@company.com
1285,10285,Mrs. Michele Boyd,mrs.boyd@company.com
1286,10286,Sandy Baker,sandy.baker@company.com
1287,10287,Carrie Valdez,carrie.valdez@company.com
1288,10288,Matthew Houston,matthew.houston@company.com
1289,10289,Jamie Solomon,jamie.solomon@company.com
1290,10290,Heather Parrish,heather.parrish@company.com
1291,10291,Mr. Larry Shaw,mr.shaw@company.com
1292,10292,Christopher Jones,christopher.jones@company.com
1293,10293,Christine Lopez,christine.lopez@company.com
1294,10294,Mitchell Wilson,mitchell.wilson@company.com
1295,10295,Robert Cortez,robert.cortez@company.com
1296,10296,Mr. Daniel Martin,mr.martin@company.com
1297,10297,Alison Williams,alison.williams@company.com
1298,10298,Candace Soto,candace.soto@company.com
1299,10299,Kenneth Brown,kenneth.brown@company.com
1300,10300,Christopher Mullen,christopher.mullen@company.com
1301,10301,Kristy Smith,kristy.smith@company.com
1302,10302,Mary Campbell,mary.campbell@company.com
1303,10303,Jerry Haney,jerry.haney@company.com
1304,10304,Carolyn Greer,carolyn.greer@company.com
1305,10305,Rebecca Hoover,rebecca.hoover@company.com
1306,10306,Matthew Baker,matthew.baker@company.com
1307,10307,Grace Chavez,grace.chavez@company.com
1308,10308,Crystal Cruz,crystal.cruz@company.com
1309,10309,Dale Heath,dale.heath@company.com
1310,10310,Jennifer Hernandez,jennifer.hernandez@company.com
1311,10311,John Mendez,john.mendez@company.com
1312,10312,Richard Gordon,richard.gordon@company.com
1313,10313,John Anderson,john.anderson@company.com
1314,10314,Samantha Prince,samantha.prince@company.com
1315,10315,Marie Boyd,marie.boyd@company.com
1316,10316,Andrew Moreno,andrew.moreno@company.com
1317,10317,Robert Clarke,robert.clarke@company.com
1318,10318,Kevin Figueroa,kevin.figueroa@company.com
1319,10319,Melissa Davis,melissa.davis@company.com
1320,10320,John Hall,john.hall@company.com
1321,10321,Diane Mcdowell,diane.mcdowell@company.com
1322,10322,Colin Fletcher,colin.fletcher@company.com
1323,10323,Laura Wilson,laura.wilson@company.com
1324,10324,Matthew Watts,matthew.watts@company.com
1325,10325,Jack Moore,jack.moore@company.com
1326,10326,Dawn Wyatt,dawn.wyatt@company.com
1327,10327,Jacob Hill,jacob.hill@company.com
1328,10328,Nicole Gutierrez,nicole.gutierrez@company.com
1329,10329,Karen Wood,karen.wood@company.com
1330,10330,Dawn Parker,dawn.parker@company.com
1331,10331,Michael Fitzgerald,michael.fitzgerald@company.com
1332,10332,Mary Adkins,mary.adkins@company.com
1333,10333,Michael Martin,michael.martin@company.com
1334,10334,James Morgan,james.morgan@company.com
1335,10335,Melissa Mann,melissa.mann@company.com
1336,10336,Vincent Smith,vincent.smith@company.com
1337,10337,Charles Frost,charles.frost@company.com
1338,10338,Austin Walker,austin.walker@company.com
1339,10339,Andrew Cruz,andrew.cruz@company.com
1340,10340,Miss Kelly Dawson,miss.dawson@company.com
1341,10341,Theresa Wilkins,theresa.wilkins@company.com
1342,10342,Jessica Harris,jessica.harris@company.com
1343,10343,Regina Mitchell,regina.mitchell@company.com
1344,10344,Kyle Black,kyle.black@company.com
1345,10345,Christopher Johnson,christopher.johnson@company.com
1346,10346,Aaron Moore,aaron.moore@company.com
1347,10347,Penny Gomez MD,penny.md@company.com
1348,10348,Kelly Mclaughlin,kelly.mclaughlin@company.com
1349,10349,Brandon Mitchell,brandon.mitchell@company.com
1350,10350,Suzanne Bailey,suzanne.bailey@company.com
1351,10351,Destiny Obrien,destiny.obrien@company.com
1352,10352,Timothy Andrews,timothy.andrews@company.com
1353,10353,Jason Rodriguez,jason.rodriguez@company.com
1354,10354,Edward Arroyo,edward.arroyo@company.com
1355,10355,Tina Walter,tina.walter@company.com
1356,10356,Laura Benson,laura.benson@company.com
1357,10357,Kristine Carrillo,kristine.carrillo@company.com
1358,10358,Tonya Ellis,tonya.ellis@company.com
1359,10359,Kevin Johnson,kevin.johnson@company.com
1360,10360,Austin Schultz,austin.schultz@company.com
1361,10361,Megan Hall MD,megan.md@company.com
1362,10362,Kelli Smith,kelli.smith@company.com
1363,10363,Danielle Davis,danielle.davis@company.com
1364,10364,Samantha Jones,samantha.jones@company.com
1365,10365,Karen Gomez,karen.gomez@company.com
1366,10366,Debra Valentine,debra.valentine@company.com
1367,10367,Susan Porter,susan.porter@company.com
1368,10368,Nicolas Salas,nicolas.salas@company.com
1369,10369,Dale Wright,dale.wright@company.com
1370,10370,Brittney Rodriguez,brittney.rodriguez@company.com
1371,10371,Megan Alvarado,megan.alvarado@company.com
1372,10372,Pamela Weaver,pamela.weaver@company.com
1373,10373,John Oliver,john.oliver@company.com
1374,10374,William Prince PhD,william.phd@company.com
1375,10375,William Moon IV,william.iv@company.com
1376,10376,Kenneth Brown,kenneth.brown@company.com
1377,10377,Karen Fernandez,karen.fernandez@company.com
1378,10378,Jennifer Parks,jennifer.parks@company.com
1379,10379,William Wolfe,william.wolfe@company.com
1380,10380,Michael Smith,michael.smith@company.com
1381,10381,Kevin Nguyen,kevin.nguyen@company.com
1382,10382,Debbie Dunn,debbie.dunn@company.com
1383,10383,John Austin,john.austin@company.com
1384,10384,Jonathan Clark,jonathan.clark@company.com
1385,10385,Jacqueline Dickerson,jacqueline.dickerson@company.com
1386,10386,Christopher Anderson,christopher.anderson@company.com
1387,10387,Crystal Garcia,crystal.garcia@company.com
1388,10388,David Reynolds,david.reynolds@company.com
1389,10389,Charles Haley,charles.haley@company.com
1390,10390,Robert Thompson,robert.thompson@company.com
1391,10391,Dr. Samuel Holmes DDS,dr.dds@company.com
1392,10392,Elizabeth Hart,elizabeth.hart@company.com
1393,10393,Jennifer Vaughn,jennifer.vaughn@company.com
1394,10394,Robert Woods,robert.woods@company.com
1395,10395,Joanna Cook,joanna.cook@company.com
1396,10396,Justin Frederick,justin.frederick@company.com
1397,10397,Alejandro Martinez,alejandro.martinez@company.com
1398,10398,Tracey Gonzalez,tracey.gonzalez@company.com
1399,10399,Mariah Thompson,mariah.thompson@company.com
1400,10400,Heather Nunez,heather.nunez@company.com
1401,10401,Dr. Steve James,dr.james@company.com
1402,10402,Mark Thomas,mark.thomas@company.com
1403,10403,Robert Rogers,robert.rogers@company.com
1404,10404,Laura Sweeney,laura.sweeney@company.com
1405,10405,Christopher Perez,christopher.perez@company.com
1406,10406,Eddie Adams,eddie.adams@company.com
1407,10407,Denise Wallace,denise.wallace@company.com
1408,10408,Heidi Matthews,heidi.matthews@company.com
1409,10409,Jennifer White,jennifer.white@company.com
1410,10410,Nicholas Stanley,nicholas.stanley@company.com
1411,10411,Mercedes Miller,mercedes.miller@company.com
1412,10412,Brian Brown,brian.brown@company.com
1413,10413,Kimberly Johnson,kimberly.johnson@company.com
1414,10414,Phillip Miller,phillip.miller@company.com
1415,10415,Christopher Pena,christopher.pena@company.com
1416,10416,Ellen Wright,ellen.wright@company.com
1417,10417,Mark Anderson,mark.anderson@company.com
1418,10418,Alyssa Alvarado,alyssa.alvarado@company.com
1419,10419,Erika Alvarez,erika.alvarez@company.com
1420,10420,Kimberly Nelson,kimberly.nelson@company.com
1421,10421,Wayne Wolfe,wayne.wolfe@company.com
1422,10422,Kyle Welch,kyle.welch@company.com
1423,10423,Kristy Mills,kristy.mills@company.com
1424,10424,Emily Reed,emily.reed@company.com
1425,10425,Regina Ramos,regina.ramos@company.com
1426,10426,David Torres,david.torres@company.com
1427,10427,Robert Charles,robert.charles@company.com
1428,10428,John Smith,john.smith@company.com
1429,10429,Theresa Woods,theresa.woods@company.com
1430,10430,Jeffrey Carter,jeffrey.carter@company.com
1431,10431,Adam Brooks,adam.brooks@company.com
1432,10432,Justin Foster,justin.foster@company.com
1433,10433,Omar Price,omar.price@company.com
1434,10434,Dennis Henderson,dennis.henderson@company.com
1435,10435,Phillip Kent,phillip.kent@company.com
1436,10436,Melinda Mitchell,melinda.mitchell@company.com
1437,10437,Rhonda Gutierrez,rhonda.gutierrez@company.com
1438,10438,Catherine Roberts,catherine.roberts@company.com
1439,10439,Lisa Nelson,lisa.nelson@company.com
1440,10440,Chelsea Smith,chelsea.smith@company.com
1441,10441,Joseph Lopez,joseph.lopez@company.com
1442,10442,Derrick Espinoza,derrick.espinoza@company.com
1443,10443,Crystal Hernandez,crystal.hernandez@company.com
1444,10444,Glenn Collins DDS,glenn.dds@company.com
1445,10445,Mrs. Raven Rivera DVM,mrs.dvm@company.com
1446,10446,Amy Rowe,amy.rowe@company.com
1447,10447,John Lee,john.lee@company.com
1448,10448,Ruth Clayton,ruth.clayton@company.com
1449,10449,Randy Wright,randy.wright@company.com
1450,10450,Jessica Rojas,jessica.rojas@company.com
1451,10451,Joel Wise,joel.wise@company.com
1452,10452,Vickie Kennedy,vickie.kennedy@company.com
1453,10453,Emily Morris,emily.morris@company.com
1454,10454,Amanda Pineda,amanda.pineda@company.com
1455,10455,Dawn Little,dawn.little@company.com
1456,10456,Stephen Boyer,stephen.boyer@company.com
1457,10457,Brian Chen,brian.chen@company.com
1458,10458,Christopher Hill,christopher.hill@company.com
1459,10459,Richard Smith,richard.smith@company.com
1460,10460,Richard Alvarez,richard.alvarez@company.com
1461,10461,Jacqueline Davis,jacqueline.davis@company.com
1462,10462,Brandon Montgomery,brandon.montgomery@company.com
1463,10463,Yolanda Garrett,yolanda.garrett@company.com
1464,10464,Matthew Miles,matthew.miles@company.com
1465,10465,Beth Hall,beth.hall@company.com
1466,10466,Dr. Nicole Trujillo,dr.trujillo@company.com
1467,10467,Corey Norris,corey.norris@company.com
1468,10468,Chad Roach,chad.roach@company.com
1469,10469,Mr. Edward Terry,mr.terry@company.com
1470,10470,Cody Bailey,cody.bailey@company.com
