AvgResolveDays,Email,EscalatedCount,TicketCount
1.67,aaron.carlson@company.com,1,6
2.33,aaron.miller@company.com,1,3
6.5,aaron.moore@company.com,0,4
4.6,aaron.parker@company.com,0,5
2.0,aaron.schroeder@company.com,0,4
1.0,aaron.wise@company.com,1,1
2.67,abigail.shaffer@company.com,1,3
3.0,adam.brooks@company.com,0,4
2.57,adam.burgess@company.com,2,7
1.0,adam.jackson@company.com,0,2
3.6,adam.taylor@company.com,0,5
3.0,adam.vaughan@company.com,2,3
0.75,aimee.gonzalez@company.com,0,8
1.67,aimee.turner@company.com,0,3
2.33,alejandro.deleon@company.com,0,6
1.0,alejandro.martinez@company.com,0,2
3.29,alex.hernandez@company.com,0,7
2.2,alexa.buck@company.com,1,5
3.0,alexander.brown@company.com,0,1
0.75,alexander.collins@company.com,1,4
3.6,alexander.gomez@company.com,1,5
3.5,alexis.harris@company.com,0,2
4.83,alfred.galvan@company.com,1,6
0.75,alicia.li@company.com,0,4
3.0,alicia.roth@company.com,3,9
0.5,alison.brown@company.com,0,2
3.14,alison.williams@company.com,4,7
1.33,allen.mendez@company.com,1,3
0.6,allen.rosales@company.com,1,5
1.8,allison.hill@company.com,1,5
3.0,allison.smith@company.com,0,1
2.0,allison.spencer@company.com,0,5
5.33,alyssa.alvarado@company.com,0,3
3.5,alyssa.day@company.com,4,8
2.67,alyssa.haynes@company.com,1,3
1.8,alyssa.long@company.com,1,5
0.5,amanda.guzman@company.com,1,2
2.67,amanda.harvey@company.com,1,6
4.4,amanda.hill@company.com,1,5
3.0,amanda.jones@company.com,1,5
2.5,amanda.md@company.com,1,2
3.38,amanda.perkins@company.com,2,8
3.0,amanda.pineda@company.com,0,2
0.0,amber.cooper@company.com,1,2
2.0,amber.kidd@company.com,1,4
2.5,amber.martin@company.com,0,4
3.1,amber.obrien@company.com,4,10
1.57,amber.vang@company.com,0,7
2.25,amber.walker@company.com,0,8
2.2,amber.wright@company.com,0,5
4.25,amber.yang@company.com,0,4
8.0,amy.garcia@company.com,0,2
7.5,amy.gordon@company.com,0,2
2.2,amy.kelley@company.com,0,5
3.5,amy.martinez@company.com,0,4
7.0,amy.miller@company.com,0,1
2.45,amy.ramirez@company.com,1,11
2.14,amy.rowe@company.com,1,7
1.67,amy.silva@company.com,0,3
1.0,ana.hill@company.com,1,5
2.5,andre.watson@company.com,0,6
2.0,andrea.hubbard@company.com,1,4
2.71,andrew.avila@company.com,1,7
3.33,andrew.cruz@company.com,1,6
1.75,andrew.harper@company.com,1,8
7.0,andrew.moreno@company.com,0,1
1.75,andrew.reynolds@company.com,0,4
1.67,andrew.roberts@company.com,0,3
1.67,angel.gordon@company.com,0,3
4.5,angel.may@company.com,0,2
7.0,angel.perry@company.com,1,2
4.0,angel.reilly@company.com,0,3
3.5,angela.jackson@company.com,1,2
3.0,angela.lin@company.com,0,5
1.0,angela.lopez@company.com,0,1
2.8,angela.vaughn@company.com,0,5
5.0,angelica.keith@company.com,0,4
2.33,angelica.parker@company.com,1,3
1.67,angelica.tucker@company.com,1,3
3.2,angie.henderson@company.com,0,5
2.75,anna.briggs@company.com,1,4
3.25,anna.estes@company.com,0,4
3.5,anna.henderson@company.com,0,2
2.4,anna.walker@company.com,1,5
4.0,annette.melton@company.com,3,7
0.0,anthony.armstrong@company.com,1,1
0.5,anthony.everett@company.com,1,4
5.0,anthony.gonzales@company.com,0,2
3.33,anthony.harmon@company.com,1,6
5.0,anthony.humphrey@company.com,0,4
4.2,anthony.jones@company.com,1,5
0.2,anthony.moore@company.com,1,5
2.17,anthony.randolph@company.com,2,6
7.0,anthony.rodriguez@company.com,0,3
5.38,anthony.romero@company.com,1,8
3.57,antonio.garcia@company.com,0,7
0.6,antonio.mccormick@company.com,3,5
2.0,april.davis@company.com,0,7
1.75,april.frost@company.com,0,4
2.5,ariana.jennings@company.com,2,4
1.25,ariel.sandoval@company.com,0,4
1.0,arthur.mcneil@company.com,0,2
2.0,arthur.md@company.com,1,1
5.0,ashley.edwards@company.com,1,4
0.0,ashley.hall@company.com,0,1
2.0,ashley.hicks@company.com,1,2
1.0,ashley.malone@company.com,0,1
2.0,ashley.moreno@company.com,0,2
5.0,ashley.parrish@company.com,0,4
3.33,ashley.smith@company.com,1,3
1.0,ashley.waller@company.com,1,4
3.5,ashley.wise@company.com,0,4
1.25,austin.baker@company.com,2,4
2.5,austin.osborne@company.com,1,2
1.5,austin.schultz@company.com,1,4
2.0,austin.walker@company.com,1,4
3.0,bailey.dds@company.com,0,4
2.0,barbara.dudley@company.com,0,2
2.29,barbara.hester@company.com,1,7
0.5,benjamin.reyes@company.com,0,2
1.67,benjamin.smith@company.com,1,3
3.89,bernard.smith@company.com,0,9
0.5,beth.cline@company.com,1,2
1.0,beth.hall@company.com,1,3
1.0,bianca.knapp@company.com,0,5
0.0,bianca.wood@company.com,0,1
3.17,blake.orr@company.com,0,6
1.78,bobby.guerrero@company.com,0,9
2.43,bonnie.santos@company.com,3,7
2.55,bonnie.valencia@company.com,1,11
2.25,bradley.dds@company.com,0,8
1.0,brandi.haney@company.com,0,1
2.75,brandon.brown@company.com,1,8
4.0,brandon.fleming@company.com,0,1
2.75,brandon.kelly@company.com,0,4
0.5,brandon.md@company.com,0,2
2.53,brandon.mitchell@company.com,0,15
0.33,brandon.montgomery@company.com,0,3
2.0,brandy.chavez@company.com,0,2
1.0,brandy.myers@company.com,1,3
2.0,breanna.ayala@company.com,1,5
5.38,breanna.rivas@company.com,1,8
1.17,brenda.gonzalez@company.com,1,6
0.88,brenda.hall@company.com,1,8
5.5,brenda.hinton@company.com,0,4
1.5,brenda.smith@company.com,0,2
1.0,brenda.thornton@company.com,0,2
3.67,brenda.wright@company.com,0,3
0.5,brent.hernandez@company.com,0,2
2.78,brent.jordan@company.com,1,9
0.6,brett.burns@company.com,1,5
2.8,brett.swanson@company.com,0,5
4.33,brian.brown@company.com,0,6
0.75,brian.chen@company.com,1,8
1.57,brian.fitzgerald@company.com,0,7
2.67,brian.gonzalez@company.com,1,6
3.0,brian.harris@company.com,0,10
3.83,brian.hunt@company.com,0,6
2.17,brian.lee@company.com,1,6
1.87,brian.martin@company.com,1,15
3.0,brian.md@company.com,0,1
2.12,brian.ramirez@company.com,3,8
0.75,brian.rodriguez@company.com,1,4
3.0,brian.smith@company.com,0,3
4.67,briana.murray@company.com,0,3
2.57,brittany.davis@company.com,2,7
1.0,brittany.farmer@company.com,0,5
0.33,brittany.jenkins@company.com,0,3
2.0,brittany.kim@company.com,1,7
1.0,brittany.ward@company.com,0,4
5.0,brittney.hernandez@company.com,0,2
2.0,brittney.martin@company.com,3,3
2.43,brittney.phillips@company.com,3,7
2.0,brittney.rodriguez@company.com,2,5
2.25,bryan.gomez@company.com,0,4
8.0,bryan.herrera@company.com,0,1
3.25,bryan.moore@company.com,0,4
0.67,caitlin.perry@company.com,0,6
4.0,cameron.fisher@company.com,1,1
6.0,cameron.parker@company.com,0,1
3.5,candace.mitchell@company.com,1,4
2.33,candace.soto@company.com,1,3
2.5,carla.gray@company.com,0,2
1.43,carlos.ryan@company.com,1,7
3.67,carly.riggs@company.com,1,3
3.5,carmen.preston@company.com,3,4
4.29,carol.sanders@company.com,3,7
2.67,carol.taylor@company.com,1,3
1.4,carol.tucker@company.com,0,5
2.12,carolyn.greer@company.com,2,8
3.33,carolyn.miller@company.com,0,3
0.67,carrie.valdez@company.com,0,3
4.0,carrie.wright@company.com,0,2
2.2,casey.chase@company.com,1,5
3.75,casey.hernandez@company.com,1,4
2.0,casey.obrien@company.com,0,4
3.5,casey.perez@company.com,1,2
2.0,casey.wilkins@company.com,1,9
1.43,cassandra.gaines@company.com,1,7
1.62,cassandra.harrell@company.com,1,8
0.43,cassie.brock@company.com,1,7
2.5,catherine.davis@company.com,0,4
13.0,catherine.frazier@company.com,0,1
2.43,cathy.robinson@company.com,2,7
1.67,cesar.wilson@company.com,1,3
2.0,chad.jones@company.com,3,5
1.73,chad.roach@company.com,2,11
3.0,chad.scott@company.com,2,3
3.25,charles.frost@company.com,0,4
2.0,charles.haley@company.com,2,6
5.33,charles.lester@company.com,0,3
3.5,charles.schultz@company.com,0,2
2.3,charles.shah@company.com,0,10
2.56,charles.turner@company.com,1,9
1.0,chelsea.gill@company.com,0,2
1.67,chelsea.lewis@company.com,1,6
2.0,chelsea.nguyen@company.com,0,1
3.0,chelsea.smith@company.com,0,2
2.6,cheyenne.horton@company.com,1,5
3.0,chris.velazquez@company.com,1,5
4.0,christian.dawson@company.com,0,4
2.56,christian.leblanc@company.com,0,9
1.67,christian.vaughn@company.com,2,6
2.57,christie.mccullough@company.com,0,7
3.25,christina.walters@company.com,1,8
3.0,christina.weber@company.com,0,1
2.56,christine.goodwin@company.com,1,9
2.5,christine.lopez@company.com,1,4
4.82,christine.parker@company.com,2,11
1.78,christine.powers@company.com,1,9
3.0,christine.wright@company.com,0,2
3.25,christopher.anderson@company.com,1,8
3.17,christopher.bass@company.com,2,6
0.0,christopher.guerra@company.com,0,1
0.67,christopher.hill@company.com,0,3
3.33,christopher.johnson@company.com,0,3
2.75,christopher.jones@company.com,1,4
4.67,christopher.marsh@company.com,0,6
2.14,christopher.moore@company.com,1,7
4.5,christopher.morris@company.com,1,4
0.88,christopher.mullen@company.com,1,8
1.67,christopher.parker@company.com,0,3
1.83,christopher.pena@company.com,2,6
3.75,christopher.perez@company.com,0,4
2.0,christopher.rubio@company.com,2,5
0.0,christopher.smith@company.com,0,2
2.67,cindy.gomez@company.com,0,3
4.33,clayton.steele@company.com,0,6
1.0,cody.bailey@company.com,0,8
2.0,cody.davidson@company.com,0,1
1.67,cody.reid@company.com,0,6
2.33,colin.fletcher@company.com,1,3
4.12,colleen.wright@company.com,1,8
1.5,colton.martinez@company.com,0,2
2.5,connie.brown@company.com,1,4
2.33,connie.lawrence@company.com,0,6
6.5,connie.turner@company.com,0,4
2.67,connor.west@company.com,0,6
0.0,corey.norris@company.com,0,1
5.0,corey.whitaker@company.com,0,3
0.5,courtney.chapman@company.com,0,2
4.2,courtney.gonzalez@company.com,1,5
3.0,courtney.hayes@company.com,0,2
1.5,courtney.mills@company.com,0,2
3.67,courtney.nichols@company.com,0,3
2.43,courtney.rodriguez@company.com,0,7
2.38,courtney.smith@company.com,1,8
1.33,craig.morrison@company.com,1,3
1.75,crystal.cruz@company.com,0,4
2.86,crystal.garcia@company.com,0,7
3.33,crystal.hernandez@company.com,0,3
1.0,crystal.johnson@company.com,0,3
3.0,crystal.mann@company.com,1,3
3.67,crystal.robinson@company.com,1,6
4.0,curtis.taylor@company.com,0,4
2.67,curtis.wilkerson@company.com,1,6
0.0,curtis.williams@company.com,0,1
2.0,cynthia.green@company.com,0,5
1.67,cynthia.haas@company.com,1,3
1.38,cynthia.moore@company.com,1,8
0.0,cynthia.morris@company.com,0,1
2.0,cynthia.mueller@company.com,0,1
2.75,cynthia.rowe@company.com,2,4
2.75,cynthia.vang@company.com,0,4
0.25,dale.chan@company.com,0,4
1.17,dale.heath@company.com,1,6
2.43,dale.ryan@company.com,0,7
1.25,dana.bennett@company.com,0,4
2.0,dana.chapman@company.com,1,6
0.5,dana.hopkins@company.com,0,2
0.25,dana.martinez@company.com,0,4
2.2,dana.ruiz@company.com,0,5
3.25,daniel.baker@company.com,3,8
3.2,daniel.brown@company.com,0,5
7.0,daniel.bush@company.com,0,1
3.0,daniel.davenport@company.com,0,3
2.5,daniel.fox@company.com,0,8
3.0,daniel.freeman@company.com,0,3
1.75,daniel.kane@company.com,3,4
2.0,daniel.kennedy@company.com,1,2
1.0,daniel.nguyen@company.com,0,2
4.0,daniel.salinas@company.com,0,3
2.6,daniel.wagner@company.com,2,10
5.33,daniel.white@company.com,2,6
1.22,danielle.bryant@company.com,0,9
2.5,danielle.davis@company.com,1,4
2.25,danielle.murray@company.com,0,4
1.0,danielle.smith@company.com,0,3
2.17,danielle.watson@company.com,0,6
1.67,danny.morgan@company.com,0,3
2.0,darlene.miller@company.com,0,2
1.11,darryl.acosta@company.com,0,9
3.71,david.alvarez@company.com,1,7
2.89,david.carter@company.com,0,9
2.88,david.davenport@company.com,1,8
1.62,david.davis@company.com,1,13
1.4,david.grant@company.com,1,5
3.5,david.harris@company.com,0,2
2.2,david.hinton@company.com,0,5
4.2,david.hughes@company.com,1,5
1.75,david.jr@company.com,1,4
3.9,david.kelly@company.com,1,10
0.67,david.lopez@company.com,2,6
3.8,david.martinez@company.com,0,5
2.4,david.molina@company.com,1,5
1.8,david.oliver@company.com,1,5
0.0,david.reed@company.com,0,1
0.0,david.reynolds@company.com,0,1
0.67,david.robinson@company.com,0,12
1.71,david.rodriguez@company.com,1,7
1.0,david.smith@company.com,0,1
2.5,david.stokes@company.com,1,4
1.75,david.thompson@company.com,0,4
3.0,david.torres@company.com,0,1
2.7,david.walker@company.com,2,10
4.0,david.wright@company.com,2,3
1.17,dawn.little@company.com,0,6
4.75,dawn.mullins@company.com,2,4
1.29,dawn.parker@company.com,1,7
5.4,dawn.rivera@company.com,0,10
0.75,dawn.wyatt@company.com,0,8
3.8,dean.donovan@company.com,0,5
4.88,debbie.dunn@company.com,3,8
2.0,deborah.campbell@company.com,3,6
1.5,deborah.figueroa@company.com,0,4
2.0,deborah.mercado@company.com,0,3
3.5,debra.butler@company.com,1,4
1.25,debra.christian@company.com,0,4
2.0,debra.davidson@company.com,1,3
1.4,debra.morton@company.com,2,5
2.86,debra.perry@company.com,0,7
2.9,debra.valentine@company.com,1,10
7.0,debra.white@company.com,1,2
5.0,denise.davenport@company.com,0,3
2.25,denise.jacobs@company.com,1,4
2.2,denise.jones@company.com,2,5
2.83,denise.martinez@company.com,0,6
4.33,denise.mccann@company.com,2,6
1.33,denise.wallace@company.com,0,3
0.4,dennis.henderson@company.com,0,5
2.5,dennis.huffman@company.com,1,4
1.0,dennis.marshall@company.com,0,3
2.0,dennis.mills@company.com,0,5
5.33,derek.wright@company.com,0,3
3.4,derek.zuniga@company.com,0,5
1.83,derrick.anderson@company.com,1,6
5.0,derrick.brown@company.com,0,4
4.8,derrick.clayton@company.com,0,5
0.33,derrick.espinoza@company.com,1,3
2.0,desiree.tyler@company.com,0,1
1.33,destiny.obrien@company.com,1,3
0.0,devon.flores@company.com,0,1
3.33,diana.hays@company.com,0,3
0.83,diana.may@company.com,1,6
1.8,diane.evans@company.com,1,5
2.0,diane.mcdowell@company.com,0,2
1.67,donald.medina@company.com,0,3
1.33,donald.miller@company.com,0,3
1.6,donald.wright@company.com,1,5
2.5,donna.beck@company.com,0,2
3.0,donna.boone@company.com,1,3
4.0,donna.frye@company.com,1,2
1.67,dorothy.boyd@company.com,0,3
3.0,douglas.gregory@company.com,0,2
2.5,douglas.ryan@company.com,0,2
1.75,douglas.vasquez@company.com,2,4
2.67,dr.dds@company.com,1,9
0.0,dr.dvm@company.com,1,3
2.33,dr.evans@company.com,0,6
3.5,dr.james@company.com,1,2
3.0,dr.marshall@company.com,0,1
3.0,dr.martinez@company.com,0,4
4.33,dr.morgan@company.com,0,3
0.0,dr.patterson@company.com,1,2
4.0,dr.trujillo@company.com,0,1
1.71,dr.warren@company.com,0,7
8.0,dustin.gallegos@company.com,0,1
1.0,dustin.jordan@company.com,1,2
1.0,dwayne.klein@company.com,0,3
7.33,dylan.miller@company.com,1,3
3.75,eddie.adams@company.com,1,4
2.0,edgar.hughes@company.com,0,4
0.0,edgar.miller@company.com,3,4
2.25,edward.arroyo@company.com,1,4
7.0,edward.burgess@company.com,0,1
3.33,edward.jenkins@company.com,0,3
1.5,edward.stanley@company.com,1,6
2.1,edwin.brown@company.com,0,10
2.17,edwin.nunez@company.com,1,6
2.0,elaine.brooks@company.com,0,2
4.75,elizabeth.dds@company.com,0,4
2.67,elizabeth.dean@company.com,1,3
0.71,elizabeth.flores@company.com,2,7
4.75,elizabeth.fowler@company.com,0,4
2.6,elizabeth.french@company.com,1,5
1.0,elizabeth.hart@company.com,0,6
2.0,elizabeth.holmes@company.com,1,4
4.0,elizabeth.kelley@company.com,1,6
1.25,elizabeth.mendez@company.com,2,4
4.0,elizabeth.miles@company.com,1,4
2.67,elizabeth.perkins@company.com,1,3
2.25,elizabeth.sanders@company.com,0,4
1.2,elizabeth.sharp@company.com,2,5
3.5,ellen.morgan@company.com,1,4
1.38,ellen.wright@company.com,3,8
3.12,emily.arnold@company.com,1,8
2.55,emily.bennett@company.com,1,11
5.0,emily.nelson@company.com,0,4
4.33,emily.reed@company.com,1,6
0.0,emily.rodgers@company.com,2,2
4.0,emily.wilson@company.com,1,2
2.56,emma.butler@company.com,3,9
2.18,emma.owens@company.com,1,11
4.0,emma.reed@company.com,1,5
1.0,eric.barker@company.com,1,5
4.2,eric.carney@company.com,0,5
2.12,eric.hunter@company.com,1,8
3.2,eric.jr@company.com,2,5
3.33,eric.patrick@company.com,0,3
0.75,eric.rush@company.com,0,4
2.0,eric.taylor@company.com,1,3
0.8,eric.thomas@company.com,2,5
1.25,eric.williams@company.com,0,4
7.67,erica.alvarez@company.com,0,3
0.5,erica.johnson@company.com,0,2
1.43,erica.moon@company.com,0,7
0.8,erica.wilson@company.com,1,5
2.4,erin.edwards@company.com,0,5
4.0,erin.smith@company.com,0,1
0.5,erin.warner@company.com,0,2
2.0,ernest.bush@company.com,0,4
1.5,ethan.adams@company.com,0,2
1.8,eugene.baldwin@company.com,0,5
2.25,eugene.patterson@company.com,1,4
2.33,evelyn.galvan@company.com,0,3
0.6,evelyn.martinez@company.com,0,5
1.57,evelyn.williams@company.com,0,7
3.0,felicia.aguilar@company.com,1,10
2.86,felicia.krueger@company.com,1,7
1.88,francis.robinson@company.com,0,8
1.33,frank.cordova@company.com,1,3
3.4,franklin.wright@company.com,1,5
1.86,fred.smith@company.com,0,7
3.6,garrett.lin@company.com,0,5
2.25,gary.jackson@company.com,0,4
1.0,gary.ward@company.com,0,2
6.0,gary.wells@company.com,0,2
0.0,george.harper@company.com,0,2
2.25,george.ochoa@company.com,2,4
1.67,gerald.hensley@company.com,0,6
3.0,gina.moore@company.com,0,2
3.0,glen.wood@company.com,1,2
1.75,glenn.dds@company.com,2,4
1.0,glenn.gallegos@company.com,1,6
2.25,grace.chavez@company.com,1,8
1.0,gregory.chambers@company.com,0,1
1.0,gregory.hill@company.com,0,1
3.22,gregory.king@company.com,2,9
1.5,gregory.peck@company.com,0,8
1.75,gregory.ponce@company.com,0,8
0.67,gwendolyn.klein@company.com,1,3
3.0,haley.johnson@company.com,2,4
0.0,hannah.everett@company.com,0,1
3.4,hannah.luna@company.com,1,5
2.0,hannah.martin@company.com,2,2
1.8,heather.bolton@company.com,0,5
2.33,heather.bowers@company.com,2,3
3.36,heather.brown@company.com,1,11
2.8,heather.fields@company.com,1,5
3.67,heather.nunez@company.com,0,3
1.11,heather.page@company.com,1,9
2.5,heather.parrish@company.com,0,4
3.0,heather.williams@company.com,1,1
6.0,heather.woodard@company.com,1,5
2.33,heidi.brown@company.com,0,3
2.25,heidi.matthews@company.com,1,4
2.33,helen.jones@company.com,0,3
3.33,holly.farmer@company.com,0,3
1.0,holly.scott@company.com,1,1
0.67,holly.valentine@company.com,1,3
0.25,holly.vega@company.com,1,4
6.83,holly.wood@company.com,1,6
2.8,howard.norman@company.com,1,10
2.0,ian.porter@company.com,0,1
1.5,isaiah.avila@company.com,0,2
0.67,jack.moore@company.com,0,3
1.92,jack.white@company.com,3,12
0.0,jackie.clements@company.com,1,3
10.5,jacob.hill@company.com,0,2
1.0,jacob.santos@company.com,0,3
0.5,jacob.williams@company.com,1,2
1.67,jacqueline.davis@company.com,0,3
2.0,jacqueline.dickerson@company.com,1,3
3.0,jacqueline.mccoy@company.com,3,7
2.0,jake.campbell@company.com,0,5
6.33,jake.shaw@company.com,0,3
1.9,james.bradley@company.com,1,10
1.0,james.brown@company.com,3,4
1.43,james.chapman@company.com,2,7
5.0,james.ferrell@company.com,1,5
2.5,james.gilbert@company.com,1,2
2.67,james.howard@company.com,0,3
1.0,james.jefferson@company.com,0,1
5.8,james.johnson@company.com,2,5
2.5,james.martin@company.com,1,4
0.33,james.nguyen@company.com,0,6
2.67,james.oconnor@company.com,0,3
5.0,james.padilla@company.com,0,3
3.71,james.parks@company.com,1,7
1.0,james.rivers@company.com,1,3
4.67,james.tran@company.com,0,3
0.8,james.washington@company.com,2,5
0.83,james.watson@company.com,1,6
1.0,james.webster@company.com,0,2
3.5,james.whitaker@company.com,0,4
2.0,jamie.arnold@company.com,0,2
3.0,jamie.baird@company.com,0,4
1.0,jamie.smith@company.com,1,3
2.5,jamie.solomon@company.com,2,8
3.8,jamie.walton@company.com,1,5
7.0,janet.dvm@company.com,0,3
2.0,janice.petty@company.com,1,2
2.0,jasmin.alvarado@company.com,0,2
4.4,jasmine.beltran@company.com,0,5
1.67,jasmine.frye@company.com,1,6
1.5,jason.beck@company.com,0,2
3.4,jason.graves@company.com,1,5
2.25,jason.hernandez@company.com,2,4
2.0,jason.herrera@company.com,0,1
3.0,jason.love@company.com,0,4
0.0,jason.nixon@company.com,0,1
3.5,jason.powell@company.com,0,2
1.33,jason.rhodes@company.com,1,6
2.0,jason.rodriguez@company.com,0,7
0.0,jason.stein@company.com,0,1
3.0,jason.williams@company.com,0,5
1.2,jeanette.harrison@company.com,0,5
3.12,jeffery.ortega@company.com,1,8
2.25,jeffrey.carter@company.com,1,4
2.83,jeffrey.chandler@company.com,0,6
4.6,jeffrey.chavez@company.com,0,5
2.67,jeffrey.howell@company.com,0,3
1.5,jeffrey.johnson@company.com,0,10
4.67,jeffrey.mendez@company.com,1,6
1.2,jeffrey.mills@company.com,0,5
1.33,jeffrey.roberson@company.com,0,3
0.4,jenna.bryant@company.com,1,5
1.5,jenna.gamble@company.com,0,6
1.75,jenna.larson@company.com,0,4
2.38,jenna.wilson@company.com,0,8
1.0,jennifer.adkins@company.com,0,2
1.6,jennifer.banks@company.com,0,5
0.0,jennifer.collins@company.com,0,2
1.5,jennifer.dvm@company.com,0,8
3.33,jennifer.goodwin@company.com,0,3
3.33,jennifer.hernandez@company.com,5,12
1.0,jennifer.james@company.com,1,1
0.5,jennifer.jones@company.com,0,2
4.0,jennifer.miranda@company.com,2,4
4.62,jennifer.morris@company.com,2,8
2.5,jennifer.nichols@company.com,1,2
6.33,jennifer.parks@company.com,1,6
1.5,jennifer.porter@company.com,2,4
2.25,jennifer.taylor@company.com,0,4
2.75,jennifer.vaughn@company.com,2,12
2.2,jennifer.white@company.com,1,5
1.11,jennifer.young@company.com,1,9
1.5,jeremy.dalton@company.com,2,6
3.67,jeremy.mitchell@company.com,0,6
1.75,jeremy.reed@company.com,1,4
1.86,jeremy.sampson@company.com,0,7
1.0,jeremy.scott@company.com,0,1
1.0,jeremy.turner@company.com,0,2
4.75,jerry.brown@company.com,0,4
7.67,jerry.haney@company.com,0,3
3.4,jerry.jensen@company.com,1,5
3.0,jerry.peters@company.com,0,5
3.3,jesse.brown@company.com,3,10
2.5,jesse.castro@company.com,0,4
1.25,jesse.clark@company.com,1,4
1.0,jesse.lynch@company.com,0,1
2.33,jesse.perez@company.com,0,6
2.0,jesse.perry@company.com,1,5
2.0,jesse.williams@company.com,0,3
0.83,jessica.bowen@company.com,0,6
5.86,jessica.callahan@company.com,0,7
3.5,jessica.garcia@company.com,3,14
3.23,jessica.gross@company.com,4,13
1.0,jessica.harris@company.com,1,1
1.67,jessica.khan@company.com,1,9
1.0,jessica.larsen@company.com,0,2
1.69,jessica.smith@company.com,1,13
5.75,jessica.stephens@company.com,0,4
3.17,jill.anderson@company.com,0,6
1.75,jill.conway@company.com,2,4
0.6,jillian.wilson@company.com,2,5
3.83,jim.newton@company.com,0,6
3.5,jimmy.marks@company.com,0,4
1.25,joann.ferguson@company.com,0,4
2.67,joann.glass@company.com,0,3
1.29,joanna.pacheco@company.com,3,7
3.89,jodi.roach@company.com,0,9
2.75,joel.jackson@company.com,1,8
4.67,joel.williams@company.com,1,6
4.33,joel.wise@company.com,0,3
2.8,john.allen@company.com,2,10
2.1,john.anderson@company.com,2,10
0.33,john.austin@company.com,2,3
2.56,john.bishop@company.com,2,9
3.0,john.coffey@company.com,0,3
0.0,john.daniel@company.com,0,1
2.33,john.dixon@company.com,0,6
5.0,john.garcia@company.com,0,3
1.2,john.hall@company.com,0,5
1.0,john.lee@company.com,0,2
3.0,john.mendez@company.com,1,4
1.33,john.oliver@company.com,2,6
4.0,john.pierce@company.com,0,1
3.33,john.whitehead@company.com,0,6
3.0,john.young@company.com,0,6
4.0,johnathan.brown@company.com,0,2
2.5,johnathan.davis@company.com,0,6
3.67,johnny.khan@company.com,1,6
4.25,jon.clark@company.com,2,4
0.0,jonathan.bates@company.com,1,1
3.5,jonathan.brooks@company.com,0,2
3.0,jonathan.clark@company.com,0,2
0.33,jonathan.jacobson@company.com,1,3
7.5,jonathan.lawrence@company.com,0,2
3.17,jonathan.md@company.com,1,6
2.0,jonathan.perry@company.com,0,2
2.38,jonathan.peterson@company.com,2,8
2.0,jordan.bates@company.com,1,2
1.38,jordan.chambers@company.com,1,8
1.67,jordan.henderson@company.com,4,6
0.33,jordan.williams@company.com,2,3
4.25,jorge.harris@company.com,2,4
1.0,jorge.stone@company.com,0,1
0.0,jose.allen@company.com,0,1
4.67,jose.bennett@company.com,1,3
4.0,jose.crawford@company.com,0,3
0.0,jose.griffin@company.com,0,2
2.0,jose.ramirez@company.com,0,4
1.5,jose.schultz@company.com,0,2
1.0,jose.travis@company.com,0,3
1.75,joseph.coleman@company.com,0,4
2.0,joseph.cooper@company.com,0,1
4.0,joseph.haynes@company.com,2,4
2.14,joseph.hill@company.com,0,7
3.0,joseph.howard@company.com,0,1
0.33,joseph.knight@company.com,0,3
2.6,joseph.lopez@company.com,0,5
2.0,joseph.ochoa@company.com,0,3
1.43,joseph.shaw@company.com,0,7
2.8,joseph.smith@company.com,2,5
3.6,joseph.williams@company.com,1,5
2.17,joseph.wilson@company.com,1,6
4.0,joshua.arellano@company.com,0,6
4.0,joshua.blair@company.com,0,5
2.6,joshua.cooke@company.com,1,5
2.0,joshua.garcia@company.com,2,4
1.5,joshua.perry@company.com,2,4
3.0,joshua.reed@company.com,0,2
1.33,joshua.rice@company.com,2,6
3.5,joshua.vance@company.com,1,2
1.0,joshua.washington@company.com,1,3
3.0,joyce.bowen@company.com,0,4
2.33,joyce.brown@company.com,2,6
2.25,joyce.solis@company.com,1,4
5.0,judith.carter@company.com,0,1
1.91,judy.baker@company.com,1,11
1.0,julia.md@company.com,1,5
4.0,julia.torres@company.com,0,1
8.0,julian.conner@company.com,0,1
1.0,julie.alexander@company.com,1,6
1.83,julie.delacruz@company.com,0,6
1.0,julie.dominguez@company.com,1,6
0.5,julie.herrera@company.com,1,2
1.5,justin.anderson@company.com,1,6
3.67,justin.baker@company.com,1,3
2.17,justin.foster@company.com,1,12
2.7,justin.frederick@company.com,1,10
1.67,justin.torres@company.com,0,3
7.0,justin.walker@company.com,0,1
1.8,kaitlin.medina@company.com,0,5
5.8,kara.hernandez@company.com,0,5
2.4,kara.sandoval@company.com,1,5
2.83,karen.dds@company.com,1,6
1.0,karen.fernandez@company.com,0,3
2.0,karen.gomez@company.com,1,4
2.8,karen.graham@company.com,0,5
1.0,karen.johnson@company.com,0,2
2.17,karen.wood@company.com,1,6
1.5,karl.branch@company.com,3,6
2.5,karla.ramos@company.com,1,4
2.25,katherine.gallagher@company.com,0,4
0.25,katherine.martinez@company.com,0,4
1.33,katherine.salas@company.com,0,3
4.0,katherine.stark@company.com,1,4
2.0,katherine.taylor@company.com,0,1
3.0,katherine.welch@company.com,1,5
3.5,kathleen.moran@company.com,1,6
2.57,kathleen.robertson@company.com,1,7
2.4,kathleen.webster@company.com,1,5
2.8,kathryn.dillon@company.com,0,5
0.67,kathryn.lester@company.com,1,3
6.0,kathryn.mccann@company.com,0,1
4.5,kathryn.price@company.com,0,4
3.5,kathryn.snyder@company.com,0,2
3.33,kathryn.williams@company.com,0,3
3.12,kathy.reid@company.com,1,8
4.75,kathy.rivas@company.com,0,4
4.0,katie.mcneil@company.com,0,3
1.83,katie.suarez@company.com,1,6
3.5,kayla.rodriguez@company.com,0,6
9.0,kaylee.hays@company.com,0,1
1.75,keith.graham@company.com,0,4
2.0,keith.jennings@company.com,0,3
4.2,keith.knox@company.com,0,5
2.5,keith.rodriguez@company.com,0,4
4.33,kelli.smith@company.com,1,3
1.0,kelly.donovan@company.com,0,4
3.0,kelly.edwards@company.com,0,1
3.0,kelly.haynes@company.com,0,3
7.0,kelly.johnson@company.com,0,1
7.0,kelly.lee@company.com,3,6
0.5,kelly.mclaughlin@company.com,1,2
4.0,kelsey.rodriguez@company.com,0,1
3.33,kendra.dvm@company.com,0,6
1.71,kenneth.brown@company.com,2,7
1.89,kenneth.edwards@company.com,1,9
1.5,kenneth.knight@company.com,0,6
2.0,kenneth.lewis@company.com,0,1
3.0,kenneth.scott@company.com,0,4
3.33,kenneth.sharp@company.com,3,9
4.0,kerry.dds@company.com,0,1
0.0,kevin.cunningham@company.com,0,2
12.0,kevin.escobar@company.com,0,2
2.25,kevin.figueroa@company.com,3,8
3.2,kevin.johnson@company.com,1,5
4.0,kevin.nguyen@company.com,0,4
3.0,kevin.oconnor@company.com,0,4
3.0,kevin.price@company.com,0,5
2.5,kevin.snyder@company.com,0,2
1.8,kevin.walters@company.com,1,5
3.33,kiara.little@company.com,3,6
3.33,kiara.mcintyre@company.com,1,6
0.0,kim.erickson@company.com,0,2
1.5,kim.morrow@company.com,0,2
0.67,kimberly.choi@company.com,1,3
0.5,kimberly.fritz@company.com,1,2
0.67,kimberly.gibson@company.com,1,6
3.75,kimberly.gutierrez@company.com,2,8
3.0,kimberly.johnson@company.com,1,4
5.0,kimberly.lutz@company.com,1,2
0.25,kimberly.may@company.com,0,4
4.0,kimberly.morrison@company.com,0,2
2.5,kimberly.myers@company.com,1,4
0.0,kimberly.nelson@company.com,0,1
4.0,kimberly.nguyen@company.com,0,5
2.22,kimberly.sharp@company.com,0,9
1.4,kimberly.smith@company.com,1,5
6.4,kirk.carter@company.com,2,5
2.6,krista.benton@company.com,0,5
1.5,krista.gibson@company.com,2,4
3.57,krista.martinez@company.com,1,7
2.0,krista.wilson@company.com,1,5
4.0,kristen.davis@company.com,1,2
0.0,kristen.peters@company.com,1,3
8.0,kristen.randall@company.com,0,1
0.5,kristen.rowe@company.com,0,4
3.33,kristen.sloan@company.com,2,3
2.0,kristin.andrews@company.com,0,1
1.8,kristin.huerta@company.com,0,5
2.0,kristin.mendoza@company.com,0,2
4.0,kristine.carrillo@company.com,0,2
3.0,kristine.garcia@company.com,0,3
1.0,kristy.bryan@company.com,0,1
2.5,kristy.hart@company.com,1,6
2.25,kristy.mills@company.com,1,4
3.0,kristy.smith@company.com,1,2
3.57,kyle.andrade@company.com,1,7
1.67,kyle.chambers@company.com,4,9
3.67,kyle.nguyen@company.com,0,3
1.33,kyle.welch@company.com,0,3
4.0,lance.simmons@company.com,0,1
2.33,larry.dixon@company.com,0,6
1.0,larry.harris@company.com,1,1
1.0,larry.robertson@company.com,0,1
1.2,laura.benson@company.com,1,5
2.0,laura.griffin@company.com,0,1
1.25,laura.haney@company.com,1,4
2.88,laura.hernandez@company.com,0,8
1.71,laura.jackson@company.com,3,7
0.5,laura.jones@company.com,1,2
2.38,laura.lee@company.com,0,8
1.42,laura.mckinney@company.com,2,12
6.0,laura.roberts@company.com,0,2
10.0,laura.sweeney@company.com,0,1
3.11,laura.wilson@company.com,3,9
1.0,lauren.carson@company.com,0,1
2.5,lauren.daniels@company.com,0,2
2.0,lauren.green@company.com,0,1
0.0,lauren.jackson@company.com,0,3
4.5,laurie.bailey@company.com,0,4
1.25,laurie.goodwin@company.com,0,4
2.0,laurie.hoffman@company.com,0,1
0.6,laurie.sanchez@company.com,1,5
2.33,lawrence.adkins@company.com,2,6
6.0,lawrence.harrington@company.com,0,2
1.6,lee.steele@company.com,0,5
1.43,leslie.gardner@company.com,1,7
3.0,levi.lopez@company.com,1,1
0.0,linda.gonzalez@company.com,1,1
8.33,linda.smith@company.com,0,3
2.67,lindsay.lawson@company.com,1,3
3.4,lindsay.martinez@company.com,1,5
2.0,lindsay.smith@company.com,2,2
4.0,lindsey.walker@company.com,0,2
4.0,lisa.allen@company.com,1,2
3.29,lisa.archer@company.com,0,7
3.43,lisa.barnes@company.com,0,7
3.6,lisa.cervantes@company.com,2,5
2.2,lisa.evans@company.com,2,5
2.6,lisa.haley@company.com,1,5
2.75,lisa.hensley@company.com,0,4
2.0,lisa.hunter@company.com,1,3
2.67,lisa.jackson@company.com,1,3
4.0,lisa.mills@company.com,0,1
1.6,lisa.nelson@company.com,0,5
2.25,lisa.perry@company.com,0,4
2.4,lisa.ramirez@company.com,1,5
2.0,lisa.randall@company.com,0,3
2.25,lisa.torres@company.com,1,4
5.57,lori.guerrero@company.com,2,7
2.17,lori.hernandez@company.com,1,6
1.5,lori.ingram@company.com,0,4
6.33,lori.mason@company.com,0,3
1.0,lori.md@company.com,2,8
1.92,lori.simmons@company.com,4,12
1.5,lorraine.turner@company.com,2,6
1.5,louis.martin@company.com,1,2
7.0,lucas.schultz@company.com,1,1
3.33,lydia.pham@company.com,1,9
2.33,madison.poole@company.com,1,3
2.8,madison.weber@company.com,0,5
6.5,manuel.brock@company.com,0,2
3.2,manuel.mccullough@company.com,2,5
2.0,marc.moore@company.com,1,6
1.4,margaret.coleman@company.com,2,5
1.5,margaret.dds@company.com,0,2
7.5,margaret.harper@company.com,0,2
1.2,margaret.miller@company.com,0,5
4.6,margaret.tanner@company.com,3,5
2.25,maria.brown@company.com,0,4
1.5,maria.case@company.com,0,2
6.0,maria.coleman@company.com,0,1
0.0,maria.fisher@company.com,1,1
0.33,maria.henderson@company.com,0,3
0.33,maria.henry@company.com,0,3
3.6,maria.jones@company.com,1,5
1.25,maria.parker@company.com,2,12
1.0,mariah.robles@company.com,0,1
0.0,mariah.thompson@company.com,1,2
6.0,marie.boyd@company.com,0,1
3.5,marie.christian@company.com,0,4
5.0,marie.moody@company.com,0,3
1.5,marie.thompson@company.com,0,4
5.0,marilyn.wang@company.com,1,1
0.6,mark.anderson@company.com,0,5
0.67,mark.beard@company.com,0,3
3.7,mark.brown@company.com,0,10
1.0,mark.cox@company.com,0,1
4.0,mark.jimenez@company.com,0,1
2.08,mark.perez@company.com,1,12
1.0,mark.smith@company.com,1,3
5.0,mark.thomas@company.com,0,1
6.5,martha.smith@company.com,1,2
3.22,mary.adkins@company.com,1,9
2.0,mary.campbell@company.com,0,7
1.0,mary.escobar@company.com,1,4
1.25,mary.henry@company.com,0,4
1.2,mary.jackson@company.com,0,5
3.0,mary.jensen@company.com,0,3
0.25,mary.kelly@company.com,0,4
2.75,mary.marshall@company.com,0,4
1.67,mary.miller@company.com,1,9
4.33,mary.nelson@company.com,1,3
2.67,mary.thompson@company.com,1,3
2.2,mason.moore@company.com,1,5
1.75,matthew.baker@company.com,1,8
1.71,matthew.foster@company.com,1,7
1.0,matthew.harrington@company.com,0,3
0.0,matthew.houston@company.com,0,2
0.5,matthew.hunt@company.com,0,2
3.29,matthew.mcmillan@company.com,1,7
3.2,matthew.md@company.com,2,5
3.0,matthew.miles@company.com,1,2
1.5,matthew.moon@company.com,0,2
2.2,matthew.moore@company.com,4,10
2.0,matthew.schwartz@company.com,0,2
1.33,matthew.sweeney@company.com,0,3
3.0,matthew.watts@company.com,0,1
3.5,matthew.wells@company.com,0,2
1.67,matthew.wright@company.com,1,3
2.0,megan.adams@company.com,3,6
2.75,megan.alvarado@company.com,1,4
7.0,megan.burns@company.com,0,1
2.71,megan.green@company.com,1,7
2.0,megan.le@company.com,0,3
2.2,megan.md@company.com,3,5
1.0,megan.nelson@company.com,0,1
2.75,megan.oliver@company.com,1,4
0.0,megan.orr@company.com,0,2
2.25,megan.young@company.com,1,4
1.5,meghan.cisneros@company.com,0,2
1.64,meghan.rush@company.com,2,11
2.0,melanie.griffith@company.com,0,2
5.5,melinda.mitchell@company.com,1,2
3.4,melissa.abbott@company.com,0,5
1.5,melissa.bishop@company.com,1,6
0.0,melissa.brewer@company.com,0,1
2.0,melissa.davis@company.com,0,3
3.0,melissa.gates@company.com,0,1
0.0,melissa.mann@company.com,1,4
3.0,melissa.martinez@company.com,1,4
5.0,melissa.mcfarland@company.com,0,1
1.0,melissa.stephens@company.com,0,6
2.8,melissa.taylor@company.com,1,5
2.33,mercedes.miller@company.com,2,9
1.5,michael.abbott@company.com,1,2
2.5,michael.ayala@company.com,1,8
4.14,michael.blair@company.com,2,7
3.0,michael.bowen@company.com,0,6
2.67,michael.bradshaw@company.com,1,3
0.0,michael.brown@company.com,0,1
2.06,michael.cooper@company.com,4,18
3.0,michael.cruz@company.com,1,4
5.6,michael.elliott@company.com,1,5
2.0,michael.evans@company.com,1,4
0.75,michael.farrell@company.com,1,4
4.5,michael.fitzgerald@company.com,0,2
4.25,michael.fuentes@company.com,1,4
1.0,michael.gonzales@company.com,0,3
2.67,michael.gonzalez@company.com,0,3
5.0,michael.henry@company.com,0,3
1.0,michael.holloway@company.com,2,5
0.5,michael.johnson@company.com,1,4
1.0,michael.lewis@company.com,0,4
2.7,michael.lopez@company.com,2,10
1.25,michael.lyons@company.com,0,4
1.67,michael.martin@company.com,1,6
5.0,michael.miles@company.com,2,4
0.67,michael.miller@company.com,0,3
0.8,michael.mitchell@company.com,1,5
3.83,michael.morrison@company.com,0,6
5.0,michael.phd@company.com,0,1
8.5,michael.phillips@company.com,0,2
4.0,michael.poole@company.com,0,2
0.0,michael.powell@company.com,1,3
1.12,michael.roberson@company.com,3,8
2.0,michael.roberts@company.com,0,1
1.0,michael.sims@company.com,0,1
1.0,michael.sloan@company.com,1,1
4.0,michael.smith@company.com,0,1
1.5,michael.stanley@company.com,0,2
2.0,michael.thompson@company.com,0,4
0.0,michael.wang@company.com,0,1
1.8,michael.warner@company.com,0,5
5.67,michele.cherry@company.com,1,9
2.67,michele.hill@company.com,1,3
3.5,michele.holland@company.com,0,2
4.75,michele.smith@company.com,3,4
5.67,michele.williams@company.com,0,3
1.0,michelle.brown@company.com,0,2
2.8,michelle.dvm@company.com,1,5
1.2,michelle.evans@company.com,0,5
0.0,michelle.harmon@company.com,0,1
1.8,michelle.ho@company.com,1,5
2.0,michelle.jacobs@company.com,0,2
1.8,michelle.rodriguez@company.com,1,5
9.5,michelle.walls@company.com,1,2
3.67,mike.allen@company.com,1,3
3.0,miss.dawson@company.com,2,3
4.0,miss.gordon@company.com,1,6
2.5,misty.garcia@company.com,0,4
3.0,mitchell.griffith@company.com,0,2
3.43,mitchell.wilson@company.com,1,7
4.0,molly.watts@company.com,0,3
3.2,monica.anderson@company.com,0,5
1.57,monica.brooks@company.com,0,7
3.0,monica.herrera@company.com,1,4
4.67,monica.miller@company.com,1,9
10.0,morgan.valencia@company.com,0,1
4.0,mr.arnold@company.com,0,1
1.33,mr.foster@company.com,2,6
2.5,mr.horton@company.com,0,8
6.0,mr.iii@company.com,0,2
2.5,mr.martin@company.com,1,6
4.33,mr.md@company.com,1,3
2.09,mr.phd@company.com,0,11
0.5,mr.rios@company.com,0,4
0.5,mr.shaw@company.com,0,2
3.5,mr.terry@company.com,0,2
0.83,mr.thompson@company.com,0,6
0.0,mr.williams@company.com,0,1
0.5,mr.wright@company.com,0,4
5.0,mrs.boyd@company.com,0,1
10.0,mrs.daniels@company.com,0,1
3.33,mrs.dvm@company.com,1,3
2.11,mrs.reyes@company.com,2,9
4.5,nancy.brown@company.com,0,4
2.83,nancy.jennings@company.com,2,6
1.0,nancy.md@company.com,0,1
3.38,nancy.stewart@company.com,1,8
2.43,nancy.webb@company.com,0,7
1.14,natalie.bautista@company.com,1,7
2.0,natalie.malone@company.com,2,4
0.33,nathan.maldonado@company.com,0,3
1.0,nathan.malone@company.com,0,2
1.2,nathan.nelson@company.com,1,5
1.83,nathan.wilson@company.com,1,12
3.33,nathaniel.lee@company.com,0,3
0.67,nicholas.carlson@company.com,0,3
1.5,nicholas.humphrey@company.com,0,2
2.5,nicholas.lawrence@company.com,1,2
0.5,nicholas.payne@company.com,0,2
2.33,nicholas.rush@company.com,0,3
0.0,nicholas.stanley@company.com,0,1
2.75,nichole.alvarez@company.com,2,8
1.12,nicole.barker@company.com,1,8
3.0,nicole.gonzalez@company.com,1,1
2.0,nicole.gutierrez@company.com,0,3
5.67,nicole.herring@company.com,0,3
3.5,nicole.parrish@company.com,1,6
1.25,nicole.phillips@company.com,1,4
3.25,nicole.richards@company.com,1,8
1.5,noah.rhodes@company.com,0,2
12.0,olivia.ayers@company.com,0,1
4.0,olivia.harris@company.com,1,2
0.0,omar.price@company.com,0,3
2.0,pamela.boyd@company.com,0,3
2.0,pamela.diaz@company.com,0,2
1.5,pamela.gutierrez@company.com,0,2
3.0,pamela.hill@company.com,2,2
1.8,pamela.weaver@company.com,2,5
5.33,parker.cain@company.com,1,3
3.0,patricia.hayes@company.com,2,2
0.8,patricia.johnson@company.com,1,5
1.17,patricia.le@company.com,1,6
1.75,patricia.phd@company.com,2,8
2.86,patricia.ray@company.com,0,7
2.0,patricia.rodriguez@company.com,2,4
1.57,patrick.mccall@company.com,1,7
2.88,patrick.moore@company.com,2,8
1.25,patrick.thornton@company.com,1,4
5.0,patrick.yang@company.com,0,2
0.67,patty.perez@company.com,1,3
3.2,paul.castaneda@company.com,0,5
2.0,paul.johnson@company.com,0,2
3.33,paul.jones@company.com,1,3
1.83,paul.lawrence@company.com,0,6
2.67,paul.moreno@company.com,0,3
2.0,paul.wilson@company.com,2,6
0.75,paula.bradley@company.com,1,4
1.0,paula.brown@company.com,0,3
1.5,paula.lane@company.com,0,4
1.57,paula.moreno@company.com,0,7
3.2,penny.bowman@company.com,1,5
0.0,penny.md@company.com,0,2
4.33,peter.thompson@company.com,1,3
0.33,peter.williams@company.com,1,3
1.6,philip.cannon@company.com,1,5
3.4,philip.jackson@company.com,1,5
1.0,phillip.berry@company.com,0,2
2.5,phillip.kent@company.com,1,4
3.33,phillip.miller@company.com,1,6
4.88,phillip.nelson@company.com,0,8
0.0,preston.kim@company.com,0,1
4.2,rachel.bradley@company.com,0,5
2.3,rachel.jones@company.com,3,10
0.0,ralph.anderson@company.com,0,3
2.2,ralph.yoder@company.com,1,5
2.4,randy.cannon@company.com,1,5
0.0,randy.friedman@company.com,1,1
2.75,randy.smith@company.com,0,4
2.33,randy.wright@company.com,2,6
1.5,raymond.chapman@company.com,1,4
2.5,raymond.johnson@company.com,0,2
3.57,raymond.le@company.com,0,7
1.8,raymond.quinn@company.com,0,5
0.5,rebecca.henderson@company.com,0,2
2.0,rebecca.hicks@company.com,1,6
1.75,rebecca.hoover@company.com,1,4
4.0,rebecca.jackson@company.com,0,1
1.67,rebecca.kelly@company.com,1,3
1.0,rebecca.marquez@company.com,0,2
0.75,rebecca.valencia@company.com,0,4
2.88,rebekah.greene@company.com,1,8
0.5,rebekah.gregory@company.com,0,6
1.0,regina.mitchell@company.com,1,3
3.0,regina.ramos@company.com,2,5
2.67,reginald.diaz@company.com,2,6
2.5,reginald.knapp@company.com,1,2
1.0,reginald.morrow@company.com,0,2
0.4,renee.browning@company.com,1,5
0.0,renee.bruce@company.com,0,2
1.33,renee.melendez@company.com,0,3
0.86,renee.mendez@company.com,1,7
0.0,renee.wolfe@company.com,0,1
0.67,rhonda.chavez@company.com,0,3
2.25,rhonda.gutierrez@company.com,1,4
2.22,rhonda.martin@company.com,2,9
4.83,richard.adams@company.com,1,6
1.5,richard.aguirre@company.com,0,2
0.4,richard.alvarez@company.com,2,5
1.0,richard.cooper@company.com,0,2
5.5,richard.gordon@company.com,0,2
0.5,richard.henson@company.com,0,2
2.0,richard.rodriguez@company.com,1,6
3.4,richard.smith@company.com,1,5
5.33,richard.stevens@company.com,1,3
3.0,richard.turner@company.com,0,8
1.83,ricky.ii@company.com,2,6
0.0,riley.bryant@company.com,1,1
3.33,robert.arnold@company.com,1,3
1.33,robert.charles@company.com,0,3
4.6,robert.clarke@company.com,2,5
2.0,robert.cortez@company.com,0,2
3.11,robert.cummings@company.com,0,9
3.75,robert.dennis@company.com,0,4
0.5,robert.gonzales@company.com,0,2
1.0,robert.griffin@company.com,1,3
2.83,robert.harrison@company.com,0,6
2.33,robert.haynes@company.com,1,3
2.38,robert.jackson@company.com,0,8
2.25,robert.montgomery@company.com,1,4
2.0,robert.morgan@company.com,1,11
4.0,robert.oconnell@company.com,0,2
0.0,robert.potter@company.com,1,2
2.0,robert.reese@company.com,0,1
3.0,robert.richardson@company.com,0,2
0.0,robert.rogers@company.com,0,1
4.0,robert.stark@company.com,0,1
4.0,robert.thompson@company.com,0,5
1.33,robert.torres@company.com,1,3
3.0,robert.west@company.com,0,5
5.5,robert.woods@company.com,0,2
0.5,robin.brown@company.com,1,2
3.75,robin.santiago@company.com,1,4
0.5,robin.thompson@company.com,0,4
0.0,robin.young@company.com,0,2
2.6,rodney.evans@company.com,0,5
5.0,rodney.morales@company.com,0,1
4.5,rodney.williams@company.com,0,2
2.0,ronald.davis@company.com,0,4
3.5,ronald.potter@company.com,0,2
0.0,ruben.dunn@company.com,1,2
2.57,russell.murphy@company.com,0,7
2.25,ruth.clayton@company.com,0,4
6.25,ryan.gonzalez@company.com,2,8
0.67,ryan.landry@company.com,0,3
0.5,ryan.munoz@company.com,0,2
2.22,ryan.murphy@company.com,2,9
2.75,ryan.rosales@company.com,1,4
3.0,ryan.vaughn@company.com,1,4
4.8,sabrina.austin@company.com,1,5
1.67,samantha.foster@company.com,2,9
4.71,samantha.garcia@company.com,2,7
1.0,samantha.gardner@company.com,1,4
1.0,samantha.jones@company.com,0,3
4.1,samantha.md@company.com,2,10
1.0,samantha.prince@company.com,0,2
0.83,samantha.robertson@company.com,1,6
1.38,samantha.terry@company.com,0,8
0.5,samuel.suarez@company.com,1,2
2.5,samuel.turner@company.com,0,6
2.29,samuel.wong@company.com,2,7
1.67,sandra.aguilar@company.com,0,3
2.0,sandra.becker@company.com,0,4
2.56,sandra.drake@company.com,0,9
1.57,sandra.rivera@company.com,1,7
2.12,sandy.baker@company.com,2,8
1.0,sara.fuller@company.com,1,7
2.0,sara.johnston@company.com,0,1
2.4,sarah.booth@company.com,0,5
2.18,sarah.brooks@company.com,0,11
2.0,sarah.king@company.com,0,2
3.0,sarah.moore@company.com,1,4
2.33,sarah.pittman@company.com,0,3
3.75,sarah.randolph@company.com,2,4
3.75,sarah.thompson@company.com,0,4
1.0,scott.alexander@company.com,0,2
2.14,scott.duke@company.com,0,7
3.0,scott.thomas@company.com,0,1
0.0,scott.williams@company.com,0,1
2.8,sean.clay@company.com,3,5
2.5,sean.curtis@company.com,0,2
1.56,sean.moore@company.com,3,9
2.0,sergio.knight@company.com,0,2
2.86,shane.henderson@company.com,2,7
2.33,shannon.green@company.com,0,3
5.25,shannon.james@company.com,1,4
2.0,shannon.jones@company.com,1,1
2.64,shannon.malone@company.com,0,11
2.0,shannon.miller@company.com,1,7
1.5,shannon.ramsey@company.com,0,8
3.22,shannon.rivera@company.com,2,9
2.09,shannon.taylor@company.com,2,11
1.67,shannon.walker@company.com,0,3
2.0,shannon.yu@company.com,2,5
4.0,sharon.boyd@company.com,0,1
4.0,sharon.cherry@company.com,1,4
0.0,sharon.cochran@company.com,0,1
2.0,sharon.newton@company.com,0,3
3.71,shawn.scott@company.com,3,7
0.57,sheila.greer@company.com,3,7
1.8,shelia.wallace@company.com,0,5
0.5,shelley.miller@company.com,0,2
1.43,shelly.alexander@company.com,2,7
3.33,shelly.spencer@company.com,0,3
5.0,sherri.baker@company.com,1,1
1.0,sherry.decker@company.com,0,1
3.75,sherry.tapia@company.com,2,8
2.57,sherry.woods@company.com,1,7
3.67,shirley.suarez@company.com,0,3
0.6,sierra.johnson@company.com,1,5
0.0,sophia.johnson@company.com,0,3
4.33,spencer.haynes@company.com,1,3
5.33,stacey.snyder@company.com,0,3
3.6,stephanie.cooper@company.com,0,5
3.86,stephanie.elliott@company.com,0,7
1.38,stephanie.evans@company.com,0,8
2.0,stephanie.manning@company.com,0,5
3.2,stephanie.ross@company.com,2,5
0.0,stephanie.salazar@company.com,1,1
1.25,stephanie.williams@company.com,2,4
0.67,stephen.boyer@company.com,0,3
2.86,stephen.cowan@company.com,0,7
4.8,stephen.davis@company.com,1,5
6.8,stephen.hoffman@company.com,0,5
0.0,stephen.mckee@company.com,0,1
1.29,stephen.wood@company.com,2,7
2.2,steve.paul@company.com,0,5
1.67,steve.rivera@company.com,0,3
9.0,steve.sanchez@company.com,0,1
3.33,steven.blevins@company.com,0,3
1.33,steven.howard@company.com,0,9
1.5,steven.lee@company.com,0,2
1.8,steven.rivera@company.com,1,5
4.33,steven.stein@company.com,1,6
4.5,susan.conley@company.com,2,8
4.0,susan.davis@company.com,1,7
2.75,susan.md@company.com,0,4
2.4,susan.porter@company.com,0,5
1.67,susan.powers@company.com,1,3
1.0,susan.serrano@company.com,0,1
4.0,susan.thompson@company.com,0,2
4.0,susan.turner@company.com,1,4
4.1,suzanne.bailey@company.com,1,10
3.67,suzanne.jones@company.com,1,3
2.2,suzanne.wood@company.com,1,10
6.0,sylvia.schroeder@company.com,0,1
2.33,tamara.davis@company.com,1,3
1.0,tamara.riddle@company.com,1,7
1.0,tammie.bright@company.com,2,7
2.5,tammy.boone@company.com,0,2
3.6,tammy.mcdowell@company.com,1,5
1.83,tanner.dds@company.com,1,6
0.8,tanya.kim@company.com,1,5
0.8,tanya.russell@company.com,0,5
6.0,taylor.carlson@company.com,1,2
0.0,taylor.taylor@company.com,0,1
2.5,terry.jones@company.com,0,2
1.5,theodore.jr@company.com,0,2
3.5,theresa.clark@company.com,1,4
2.0,theresa.torres@company.com,0,4
4.5,theresa.wilkins@company.com,1,6
3.75,theresa.woods@company.com,1,4
3.75,thomas.atkins@company.com,0,4
3.8,thomas.harris@company.com,0,5
0.0,thomas.peterson@company.com,0,1
1.5,thomas.short@company.com,0,4
3.5,tiffany.jackson@company.com,2,6
1.67,tiffany.townsend@company.com,2,6
4.25,timothy.andrews@company.com,0,4
2.0,timothy.duncan@company.com,0,2
2.0,timothy.edwards@company.com,1,3
0.67,timothy.hayden@company.com,1,3
1.0,timothy.hill@company.com,0,4
2.8,timothy.johnson@company.com,2,5
0.0,timothy.monroe@company.com,0,1
0.67,timothy.romero@company.com,0,6
1.0,tina.ballard@company.com,2,6
0.0,tina.sanders@company.com,0,3
2.0,tina.taylor@company.com,3,6
4.5,tina.walter@company.com,2,4
3.75,todd.md@company.com,1,4
2.71,todd.moore@company.com,1,7
3.75,todd.thomas@company.com,1,4
2.25,tom.foster@company.com,0,4
0.0,tommy.walter@company.com,1,2
3.0,tonya.ellis@company.com,1,6
1.0,tracey.gonzalez@company.com,0,2
2.5,tracey.phillips@company.com,1,2
2.86,tracey.wagner@company.com,0,7
3.67,traci.vincent@company.com,1,6
3.33,tracy.ballard@company.com,0,3
1.62,tracy.burke@company.com,1,8
4.44,tracy.chavez@company.com,1,9
3.33,tracy.grant@company.com,0,3
4.75,tracy.house@company.com,1,4
4.0,tracy.montoya@company.com,1,5
1.0,tracy.walker@company.com,0,2
2.33,travis.conner@company.com,0,3
2.0,travis.harris@company.com,0,5
2.0,travis.hobbs@company.com,0,1
2.56,travis.hopkins@company.com,2,9
1.2,travis.hull@company.com,0,5
3.43,trevor.johnson@company.com,1,7
3.0,tricia.valencia@company.com,0,2
2.38,tyler.harris@company.com,1,8
1.6,vanessa.howard@company.com,1,5
5.33,vanessa.santiago@company.com,0,3
2.0,veronica.simpson@company.com,0,2
3.0,vickie.anderson@company.com,1,5
3.0,vickie.kennedy@company.com,1,1
1.5,victor.baker@company.com,1,2
0.5,victor.brown@company.com,2,8
2.0,victor.edwards@company.com,0,3
3.0,victor.morris@company.com,2,8
2.0,victor.taylor@company.com,0,7
3.86,victoria.garcia@company.com,1,7
4.0,victoria.larson@company.com,0,2
4.2,vincent.novak@company.com,1,10
1.14,vincent.reyes@company.com,2,7
1.75,vincent.reynolds@company.com,2,4
1.14,vincent.smith@company.com,1,7
2.67,virginia.casey@company.com,1,3
1.0,virginia.henderson@company.com,0,2
3.91,wayne.morgan@company.com,1,11
6.0,wayne.wolfe@company.com,0,1
4.0,whitney.peters@company.com,0,3
5.0,william.baker@company.com,1,3
2.17,william.barrett@company.com,1,6
1.0,william.day@company.com,0,2
2.5,william.evans@company.com,0,4
1.75,william.gould@company.com,1,4
3.18,william.graham@company.com,0,11
1.0,william.harrison@company.com,1,1
8.0,william.herrera@company.com,0,1
1.75,william.iv@company.com,0,4
0.5,william.jones@company.com,1,2
14.0,william.keith@company.com,0,2
0.25,william.miller@company.com,1,4
1.67,william.phd@company.com,0,3
3.5,william.ramos@company.com,0,4
3.12,william.wolfe@company.com,0,8
0.67,willie.henry@company.com,0,3
4.0,yolanda.garrett@company.com,0,6
4.33,yolanda.green@company.com,0,3
1.75,yvonne.chambers@company.com,1,4
1.5,zachary.cole@company.com,0,4
3.0,zachary.ferrell@company.com,1,1
4.8,zachary.hicks@company.com,0,5
2.17,zachary.mendoza@company.com,2,6
2.0,zachary.michael@company.com,2,10
3.0,zachary.mitchell@company.com,0,2
1.0,zachary.robinson@company.com,0,1
